code,res1,year,logKa,Ka,target,sequence,smiles
4jsz,1.9,2013,2.3,Ki=5000uM,38,HWGYGKHNGPEHWHKDFPIAKGERQSPVDIDTHTAKYDPSLKPLSVSYDQATSLRILNNGHAFNVEFDDSQDKAVLKGGPLDGTYRLIQFCFHWGSLDGQGSEHTVDKKKYAAELHLVHWNTKYGDFGKAVQQPDGLAVLGIFLKVGSAKPGLQKVVDVLDSIKTKGKSADFTNFDPRGLLPESLDYWTYPGSLTTPPLLECVTWIVLKEPISVSSEQVLKFRKLNFNGEGEPEELMVDNWRPAQPLKNRQIKASFK,c1ccc(cc1)S(=O)(=O)N
3ozt,1.48,2011,4.13,Ki=74.9uM,51,DTKEQRILRYVQQNAKPGDPQSVLEAIDTYCTQKEWAMNVGDAKGQIMDAVIREYSPSLVLELGAYCGYSAVRMARLLQPGARLLTMEINPDCAAITQQMLNFAGLQDKVTILNGASQDLIPQLKKKYDVDTLDMVFLDHWKDRYLPDTLLLEKCGLLRKGTVLLADNVIVPGTPDFLAYVRGSSSFECTHYSSYLEYMKVVDGLEKAIYQGP,Oc1cc(cc(C(=O)NCC=CC2OC(N3C=CC(=O)C=C3)C(O)C2O)c1O)N(=O)=O
2xys,1.91,2011,7.42,Ki=38nM,50,QANLMRLKSDLFNRSPMYPGPTKDDPLTVTLGFTLQDIVKVDSSTNEVDLVYYEQQRWKLNSLMWDPNEYGNITDFRTSAADIWTPDITAYSSTRPVQVLSPQIAVVTHDGSVMFIPAQRLSFMCDPTGVDSEEGVTCAVKFGSWVYSGFEIDLKTDTDQVDLSSYYASSKYEILSATQTRQVQHYSCCPEPYIDVNLVVKFRER,OC1N2c3ccccc3C34CC[N+]5CC6=CCOC(C1)C(C6CC35)C24
3jya,2.1,2009,6.89,Ki=0.1301uM,6,PLESQYQVGPLLGSGGFGSVYSGIRVSDNLPVAIKHVEKDRISDWGELPNGTRVPMEVVLLKKVSSGFSGVIRLLDWFERPDSFVLILERPEPVQDLFDFITERGALQEELARSFFWQVLEAVRHCHNCGVLHRDIKDENILIDLNRGELKLIDFGSGALLKDTVYTDFDGTRVYSPPEWIRYHRYHGRSAAVWSLGILLYDMVCGDIPFEHDEEIIRGQVFFRQRVSSECQHLIRWCLALRPSDRPTFEEIQNHPWMQDVLLPQETAEIHLHS,C1=NC2=C(Sc3c(Cl)ccc(Cl)c32)C(=O)N1
1mq6,2.1,2003,11.15,Ki=7pM,45,IVGGQECKDGECPWQALLINEENEGFCGGTILSEFYILTAAHCLYQAKRFKVRVGDRNTEQEEGGEAVHEVEVVIKHNRFTKETYDFDIAVLRLKTPITFRMNVAPACLPERDWAESTLMTQKTGIVSGFGRTHEKGRQSTRLKMLEVPYVDRNSCKLSSSFIITQNMFCAGYDTKQEDACQGDSGGPHVTRFKDTYFVTGIVSWGEGCARKGKYGIYTKVTAFLKWIDRSMK,C1SC(C(=O)Nc2c(OC)cc(Cl)cc2C(=O)Nc2ncc(Cl)cc2)=C(Cl)C=1CN(C1=NCCO1)C
1s38,1.81,2004,5.15,Ki=7.0uM,21,RPRFSFSIAAREGKARTGTIEMKRGVIRTPAFMPVGTAATVKALKPETVRATGADIILGNTYHLMLRPGAERIAKLGGLHSFMGWDRPILTDSGGYQVMSL,c1cc2C(=O)NC(=Nc2c(c1)C)N
4j3l,2.09,2013,7.8,Kd=16nM,49,GTILIDLSPDDKEFQSVEEEMQSTVREHRDGGHAGGIFNRYNILKIQKVCNKKLWERYTHRRKEVSEENHNHANERMLFHGSPFVNAIIHKGFDERHAYIGGMFGAGIYFAENSSKSNQYVYGIGGGTGCPVHKDRSCYICHRQLLFCRVTLGKSFLQFSAM,C1C(=O)Nc2cc(ccc2C=1C)-c1ccc(C(=O)NCCOC)cc1Cl
5c28,1.56,2015,5.66,Ki=2.2uM,1,HMSICTSEEWQGLMQFTLPVRLCKEIELFHFDIGPFENMWPGIFVYMVHRSCGTSCFELEKLCRFIMSVKKNYRRVPYHNWKHAVTVAHCMYAILQNNHTLFTDLERKGLLIACLCHDLDHRGFSNSYLQKFDHPLAALYSTSTMEQHHFSQTVSILQLEGHNIFSTLSSSEYEQVLEIIRKAIIATDLALYFGNRKQLEEMYQTGSLNLNNQSHRDRVIGLMMTACDLCSVTKLWPVTKLTANDIYAEFWAEGDEMKKLGIQPIPMMDRDKKDEVPQGQLGFYNAVAIPCYTTLTQILPPTEPLLKACRDNLSQWEKVIRGEET,Nc1nc(nc(Cl)c1C)C1CC1
2qe4,2.4,2007,7.96,Ki=11.0nM,44,LALSLTADQMVSALLDAEPPILYSE,Oc1ccc(cc1)C1Oc2c(cc(O)cc2C2CCCC12)COC
3dx2,1.4,2009,6.82,Ki=150nM,11,QCQDVVQDVPNVDVQMLELYDRMSFKDIDGGVWKQGWNIKYDPLKYNAHHKLKVFVVPHSHNDPGWIQTFEEYYQHDTKHILSNALRHLHDNPEMKFIWAEISYFARFYHDLGENKKLQMKSIVKNGQLEFVTGGWVMPDEANSHWRNVLLQLTEGQTWLKQFMNVTPTASWAIDPFGHSPTMPYILQKSGFKNMLIQRTHYSVKKELAQQRQLEFLWRQIWDNKGDTALFTHMMPFYSYDIPHTCGPDPKVCCQFDFKRMGSFGLSCPWKVPPRTISDQNVAARSDLLVDQWKKKAELYRTNVLLIPLGDDFRFKQNTEWDVQRVNYERLFEHINSQAHFNVQAQFGTLQEYFDAVHQAERAGQAEFPTLSGDFFTYADRSDNYWSGYYTSRPYHKRMDRVLMHYVRAAEMLSAWHSWDGMARIEERLEQARRELSLFQHHDGITGTAKTHVVVDYEQRMQEALKACQMVMQQSVYRLLTKPSIYSPDFSFSYFTLDDSRWPGSGVEDSRTTIILGEDILPSKHVVMHNTLPHWREQLVDFYVSSPFVSVTDLANNPVEAQVSPVWSWHHDTLTKTIHPQGSTTKYRIIFKARVPPMGLATYVLTISDSKPEHTSYASNLLLRKNPTSLPLGQYPEDVKFGDPREISLRVGNGPTLAFSEQGLLKSIQLTQDSPHVPVHFKFLKYGVRSHGDRSGAYLFLPNGPASPVELGQPVVLVTKGKLESSVSVGLPSVVHQTIMRGGAPEIRNLVDIGSLDNTEIVMRLETHIDSGDIFYTDLNGLQFIKRRRLDKLPLQANYYPIPSGMFIEDANTRLTLLTGQPLGGSSLASGELEIMQDRRLASDDERGLGQGVLDNKPVLHIYRLVLEKVNNCVRPSKLHPAGYLTSAAHKASQSLLDPLDKFIFAENEWIGAQGQFGGDHPSAREDLDVSVMRRLTKSSAKTQRVGYVLHRTNLMQCGTPEEHTQKLDVCHLLPNVARCERTTLTFLQNLEHLDGMVAPEVCPMETAAYVSSHSS,OS(C)C1C(O)C(O)C(O)C1[N+]
1h23,2.15,2002,8.35,Ki=4.5nM,16,SELLVNTKSGKVMGTRVPVLSSHISAFLGIPFAEPPVGNMRFRRPEPKKPWSGVWNASTYPNNCQQYVDEQFPGFSGSEMWNPNREMSEDCLYLNIWVPSPRPKSTTVMVWIYGGGFYSGSSTLDVYNGKYLAYTEEVVLVSLSYRVGAFGFLALHGSQEAPGNVGLLDQRMALQWVHDNIQFFGGDPKTVTIFGESAGGASVGMHILSPGSRDLFRRAILQSGSPNCPWASVSVAEGRRRAVELGRNLNCNLNSDEELIHCLREKKPQELIDVEWNVLPFDSIFRFSFVPVIDGEFFPTSLESMLNSGNFKKTQILLGVNKDEGSFFLLYGAPGFSKDSESKISREDFMSGVKLSVPHANDLGLDAVTLQYTDWMDDNNGIKNRDGLDDIVGDHNVICPLMHFVNKYTKFGNGTYLYFFNHRASNLVWPEWMGVIHGYEIEFVFGLPLVKELNYTAEEEALSRRIMHYWATFAKTGNPNEP,C1C(=O)NC2=C(C=1)C(CCC2)[N+]CCCCCCCCCCCC[N+]C1C2C=CC(=O)NC=2CCC1
3acw,1.63,2010,4.76,Ki=17.5uM,33,MTMMDMNFKYCHKIMKKHSKSFSYAFDLLPEDQRKAVWAIYAVCRKIDDSIDVYGDIQFLNQIKEDIQSIEKYPYEYHHFQSDRRIMMALQHVAQHKNIAFQSFYNLIDTVYKDQHFTMFETDAELFGYCYGVAGTVGEVLTPILSDHETHQTYDVARRLGESLQLINILRDVGEDFENERIYFSKQRLKQYEVDIAEVYQNGVNNHYIDLWEYYAAIAEKDFRDVMDQIKVFSIEAQPIIELAARIYIEILDEVRQANYTLHERVFVEKRKKAKLFHEINSKY,OC1(c2ccc(cc2)-c2ccccc2)C2CC[N+](CC2)C1
2qbp,2.5,2008,8.4,Ki=0.004uM,25,EMEKEFEQIDKSGSWAAIYQDIRHEASDFPCRVAKLPKNKNRNRYRDVSPFDHSRIKLHQEDNDYINASLIKMEEAQRSYILTQGPLPNTCGHFWEMVWEQKSRGVVMLNRVMEKGSLKCAQYWPQKEEKEMIFEDTNLKLTLISEDIKSYYTVRQLELENLTTQETREILHFHYTTWPDFGVPESPASFLNFLFKVRESGSLSPEHGPVVVHCSAGIGRSGTFCLADTCLLLMDKRKDPSSVDIKKVLLEMRKFRMGLIQTADQLRFSYLAVIEGAKFIMGDSSVQDQWKELSHED,c1ccc(cc1)CS(=O)(=O)N1CCC(Nc2cccc(C3SC(=C(OC[C-](=O)=O)C=3Br)[C-](=O)=O)c2)CC1
2w4x,2.42,2009,4.85,Kd=14uM,13,SLQPPPQQLIVQNKTIDLPAVYQLNGGEEANPHAVKVLKELLS,OCC1OC(O)C(NC(=O)N(N=O)C)C(O)C1O
1z95,1.8,2005,7.12,Ki=76nM,40,IFLNVLEAIEPGVVCAGHDNNQPDSFAALLSSLNELGERQLVHVVKWAKALPGFRNLHVDDQMAVIQYSLMGLMVFAMGWRSFTNVNSRMLYFAPDLVFNEYRMHKSRMYSQCVRMRHLSQEFGWLQITPQEFLCMKALLLFSIIPVDGLKNQKFFDELRMNYIKELDRIIA,OC(C(=O)Nc1ccc(C#N)c(c1)C(F)(F)F)(C)CS(=O)(=O)c1ccc(F)cc1
4ea2,2.05,2012,6.44,Ki=0.36uM,33,MTMMDMNFKYCHKIMKKHSKSFSYAFDLLPEDQRKAVWAIYAVCRKIDDSID,C(=C(C)C)CCC(=CC[N+]CC[N+]C1C2CC3CC(C2)CC1C3)C
3b27,1.5,2011,5.16,Kd=6.9uM,39,QPMEEEEVETFAFQAEIAQLMSLIINTFYSNKEIFLRELISNSSDALDKIRYESLTDPSKLDSGKELHINLIPNKQDRTLTIVDTGIGMTKADLINNLGTIAKSGTKAFMEALQAGADISMIGQFGVGFYSAYLVAEKVTVITKHNDDEQYAWESSAGGSFTVRTDTGEPMGRGTKVILHLKEDQTEYLEERRIKEIVKKHSQFIGYPITLFVEK,c1ccc(-c2nc(nc(n2)N)SC)c(Cl)c1
4w9c,2.2,2014,4.65,Kd=22.2uM,54,MDVFLMIRRHKTTIFTDAKESSTVFELKRIVEGILKRPPDEQRLYKDDQLLDDGKTLGE,OC1CN(C(=O)CC(C)(C)C)C(C(=O)NCc2ccc(C3OC=NC=3)cc2)C1
4abg,1.52,2012,3.57,Kd=271uM,47,IVGGYTCGANTVPYQVSLNSGYHFCGGSLINSQWV,c1cc(cc(c1)C[N+])N1CC[N+](C)CC1
4jfs,2.0,2013,5.27,Ki=5.4uM,20,EIPLKYGATNEGKRQDPAMQKFRDNRLGAFIHWGLYAIPGGEWNGKVYGGAAEWLKSWAKVPADEWLKLMDQWNPTKFDAKKWAKMAKEMGTKYVKITTKHHEGFCLWPSKYTKYTVANTPYKRDILGELVKAYNDEGIDVHFYFSVMDWSNPDYRYDIKSKEDSIAFSRFLEFTDNQLKELATRYPTVKDFWFDGTWDASVKKNGWWTAHAEQMLKELVPGVAINSRLRADDKGKRHFDSNGRLMGDYESGYERRLPDPVKDLKVTQWDWEACMTIPENQWGYHKDWSLSYVKTPIEVIDRIVHAVSMGGNMVVNFGPQADGDFRPEEKAMATAIGKWMNRYGKAVYACDYAGFEKQDWGYYTRGKNDEVYMVVFNQPYSERLIVKTPKGITVEKATLLTTGEDITVVETTRNEYNVSVPKKNPGEPYVIQLKVRAA,OC1C(O)C(C)[N+](C)C1c1ccc(OC)cc1
3fv2,1.5,2010,8.11,Ki=7.7nM,43,ANRTLIVTTILEEPYVMYRKSDKPLYGNDRFEGYCLDLLKELSNILGFIYDVKLVPDGKYGAQNDKGEWNGMVKELIDHRADLAVAPLTITYVREKVIDFSKPFMTLGISILYRKGTPIDSADDLAKQTKIEYGAVRDGSTMTFFKKSKISTYEKMWAFMSSRQQTALVRNSDEGIQRVLTTDYALLMESTSIEYVTQRNCNLTQIGGLIDSKGYGVGTPIGSPYRDKITIAILQLQEEGKLHMMKEKWWRGNGCP,OC1COC2CC(OC2C1O)([C-](=O)=O)CC([C-](=O)=O)[N+]
4de3,1.44,2012,5.52,Ki=3.0uM,42,AVQQKLAALEKSSGGRLGVALIDTADNTQVLYRGDERFPMCSTSKVMAAAAVLKQSETQKQLLNQPVEIKPADLVNYNPIAEKHVNGTMTLAELSAAALQYSDNTAMNKLIAQLGGPGGVTAFARAIGDETFRLDRTEPTLNTAIPGDPRDTTTPRAMAQTLRQLTLGHALGETQRAQLVTWLKGNTTGAASIRAGLPTSWTAGDKTGSGDYGTTNDIAVIWPQGRAPLVLVTYFTQPQQNAESRRDVLASAARIIAEGL,c1cc(Br)cc(C(=O)Nc2cccc(C3N=NNN=3)c2)c1
1bcu,2.0,1998,3.28,Kd=0.53mM,34,IVEGSDAEIGMSPWQVMLFRKSPQELLCGASLISDRWVLTAAHCLLYPPWDKNFTENDLLVRIGKHSRTRYERNIEKISMLEKIYIHPRYNWRENLDRDIALMKLKKPVAFSDYIHPVCLPDRETAASLLQAGYKGRVTGWGNLKE,c1c(cc2nc3cc(ccc3cc2c1)N)N
3cj4,2.07,2008,6.51,Kd=0.31uM,15,HHMSYTWTGALITPCAAEESKLPINALSNSLLRHHNMVYATTSRSAGLRQKKVTFDRLQVLDDHYRDVLKEMKAKASTVKAKLLSVEEACKLTPPHSAKSKFGYGAKDVRNLSSKAVNHIHSVWKDLLEDTVTPIDTTIMAKNEVFCVQ,c1cc(c(C(=O)N2CC(C)CC(C)C2)cc1Br)NC(=O)CC[C-](=O)=O
3ui7,2.28,2011,9.0,Ki=1nM,1,WQGLMQFTLPVRLCKEIELFHFDIGPFENMWPGIFVYMVHRSCGTSCFELEKLCRFIMSVKKNYRRVPYHNWKHAVTVAHCMYAILQNNHTLFTDLERKGLLIACLCHDLDHRGFSNSYLQKFDHPLAALYSTSTMEQHHFSQTVSILQLEGHNIFSTLSSSEYEQVLEIIRKAIIATDLALYFGNRKQLEEMYQTGSLNLNNQSHRDRVIGLMMTACDLCSVTKLWPVTKLTANDIYAEFWAEGDEMKKLGIQPIPMMDRDKKDEVPQGQLGFYNAVAIPCYTTLTQILPPTEPLLKACRDNLSQWEKVIRGEE,c1c(OC)cc2c(c3=C(NN=c3nc2c1C)C)C[N+]1CCOCC1
4jxs,1.9,2014,4.74,Ki=18uM,24,APQQINDIVHRTITPLIEQQKIPGMAVAVIYQGKPYYFTWGYADIAKKQPVTQQTLFELGSVSKTFTGVLGGDAIARGEIKLSDPTTKYWPELTAKQWNGITLLHLATYTAGGLPLQVPDEVKSSSDLLRFYQNWQPAWAPGTQRLYANSSIGLFGALAVKPSGLSFEQAMQTRVFQPLKLNHTWINVPPAEEKNYAWGYREGKAVHVSPGALDAEAYGVKSTIEDMARWVQSNLKPLDINEKTLQQGIQLAQSRYWQTGDMYQGLGWEMLDWPVNPDSIINGSDNKIALAARPVKAITPPTPAVRASWVHKTGATGGFGSYVAFIPEKELGIVMLANKNYPNPARVDAAWQILNALQ,C1SC(=C(C=1)S(=O)(=O)NCc1ccc(cc1)[C-](=O)=O)[C-](=O)=O
3f3a,2.0,2008,4.19,Ki=64.8uM,17,REHWATRLGLILAMAGNAVGLGNFLRFPVQAAENGGGAFMIPYIIAFLLVGIPLMWIEWAMGRYGGAQGHGTTPAIFYLLWRNRFAKILGVFGLWIPLVVAIYYVYIESWTLGFAIKFLVGLVPEPP,C1=C(c2ccccc2N1)CC([C-](=O)=O)[N+]
3e92,2.0,2008,8.0,Ki=10nM,22,QERPTFYRQELNKTIWEVPERYQNLSPVGSGAYGSVCAAFDTKTGLRVAVKKLSRPFQSIIHAKRTYRELRLLKHMKHENVIGLLDVFTPARSLEEFNDVYLVTHLMGADLNNIVKCQKLTDDHVQFLIYQILRGLKYIHSADIIHRDLKPSNLAVNED,c1cc(c(cc1C(=O)NC1CC1)-c1ccc(C2=NN=C(O2)C)cc1C)C
4k77,2.4,2013,6.63,Ki=235nM,30,VDPTHFEKRFLKRIRDLGEGHFGKVELCRYDPEGDNTGEQVAVKSLKP,C1=CNC(=O)c2ncnc(c21)NC1CCCCC1
2r9w,1.8,2008,5.1,Ki=8uM,24,APQQINDIVHR,c1cc(cc2C(=O)N(C(=O)c12)C([C-](=O)=O)Cc1cccc2ccccc12)[C-](=O)=O
3uri,2.1,2012,9.0,Ki=1nM,2,STGSATTTPIDSLDDAYITPVQIGTPAQTLNLDFDTGSSDLWVFSSETTASEV,OCC(C(=O)NC(Cc1ccccc1)C[N+]C(C(=O)NC(C(=O)NC([C-](=O)=O)CC1=CN=CN1)C)CCSC)NC(=O)C(NC(=O)C(NC(=O)C1CCC[N+]1)CC1=CN=CN1)CC(C)C
3p5o,1.6,2010,7.3,Kd=50.5nM,10,SMNPPPPETSNPNKPKRQTNQLQYLLRVVLKTLWKHQFAWPFQQPVDAVKLNLPDYYKIIKTPMDMGTIKKRLENNYYWNAQECIQDFNTMFTNCYIYNKPGDDIVLMAEALEKLFLQKINELPTEE,c1cc(C2=NC(C3=NN=C(N3c3ccc(OC)cc32)C)CC(=O)NCC)ccc1Cl
3nw9,1.65,2011,9.0,Ki=1nM,51,DTKEQRILRYVQQNAKPGDPQSVLEAIDTYCTQKEWAMNVGDAKGQIMDAVIREYSPSLVLELGAYCGYSAVRMARLLQPGARLLTMEMNPDYAAITQQMLNFAGLQDKVTILNGASQDLIPQLKKKYDVDTLDMVFLDHWKDRYLPDTLLLEKCGLLRKGTVLLADNVIVPGTPDFLAYVRGSSSFECTHYSSYLEYMKVVDGLEKAIYQGP,Oc1cc(cc(C(=O)NCC=CC2OC(N3C=Nc4c3ncnc4C)C(O)C2O)c1O)-c1ccc(F)cc1
4tmn,1.7,1989,10.17,Ki=0.068nM,27,ITGTSTVGVGRGVLGDQKNINTTYSTYYYLQDNTRGDGIFTYDAKYRTTLPGSLWADADNQFFASYDAPAVDAHYYAGVTYDYYKNVHNRLSYDGNNAAIRSSVHYSQGYNNAFWNGSEMVYGDGDGQTFIPLSGGIDVVAHELTHAVTDYTAGLIYQNESGAINEAISDIFGTLVEFYANKNPDWEIGEDVYTPGISGDSLRSMSDPAKYGDPDHYSKRYTGTQDNGGVHINSGIINKAAYLISQGGTHYGVSVVGIGRDKLGKIFYRALTQYLTPTSNFSQLRAAAVQSATDLYGSTSQEVASVKQAFDAVGVK,c1ccc(cc1)COC(=O)NC(Cc1ccccc1)P(=O)(=O)NC(C(=O)NC([C-](=O)=O)C)CC(C)C
3zso,1.75,2012,5.12,Kd=7.6uM,52,SPGIWQLDCTHLEGKVILVAVHVASGYIEAEVIPAETGQETAYFLLKLAGRWPVKTVHTDNGSNFTSTTVKAACWWAGIKQEDGIPYNPQSQGVIESMNKELKKIIGQVRDQAEHLKTAVQMAVFIHNHKRK,C=CC[N+](Cc1ccccc1C(=O)NC(c1ccc(OC)cc1)c1ccc(OC)cc1)Cc1ccc2OCOc2c1[C-](=O)=O
4ddh,2.07,2013,3.32,Kd=0.48mM,28,IPAFHPGELNVYSAPGDVADVSRALRLTGRRVMLVPTMGALHEGHLALVRAAKRVPGSVVVVSIFVNPMQFGAGGDLDAYPRTPDDDLAQLRAEGVEIAFTPTTAAMYPDGLRTTVQPGPLAAELEGGPRPTHFAGVLTVVLKLLQIVRPDRVFFGEKDYQQLVLIRQLVADFNLDVAVVGVPTVREADGLAMSSRNRYLDPAQRAAAVALSAALTAAAHAATAGAQAALDAARAVLDAAPGVAVDYLELRDIGLGPMPLNGSGRLLVAARLGTTRLLDNIAIEIGTFA,C1Oc2cc(OC)ccc2C=1C[C-](=O)=O
3kgp,2.35,2009,2.57,Ki=2.68mM,37,IIGGEFTTIENQPWFAAIYRRH,c1cc(ccc1[C-](=O)=O)C[N+]
3ary,1.35,2011,6.0,Kd=1.0uM,14,APTAPSIDMYGSNNLQFSKIELAMETTSGYNDMVKYHELAKIKVKFNQWSGTSGDTYNVYFDGVKVATGAITGSQTTASFEYGQGGLYQMEIEACDATGCSKSAPVEITIADTDGSHLKPLTMNVDPNNKSYNTDPSIVMGTYFVEWGIYGRDYTVDNMPVDNLTHILYGFIPICGPNESVKSVGGNSFNALQTACRGVNDYEVVIHDPWAAYQKSFPQAGHEYSTPIKGNYAMLMALKQRNPDLKIIPSIGGWTLSDPFYDFVDKKNRDTFVASVKKFLKTWKFYDGVDIDWEFPGGGGAAADKGDPVNDGPAYIALMRELRVMLDELEAETGRTYELTSAIGVGYDKIEDVDYADAVQYMDYIFAMTYDFYGGWNNVPGHQTALYCGSFMRPGQCDGGGVDENGEPYKGPAYTADNGIQLLLAQGVPANKLVLGTAMYGRGWEGVTPDTLTDPNDPMTGTATGKLKGSTAQGVWEDGVIDYKGIKSFMLGANNTGINGFEYGYDAQAEAPWVWNRSTGELITFDDHRSVLAKGNYAKSLGLAGLFSWEIDADNGDILNAMHEGMAGGVVTPPN,C(=S)Nc1ccc2OC(C3=NCCN3)=Cc2c1
3u8k,2.47,2011,8.66,Ki=2.2nM,8,LDRADILYNIRQTSRPDVIPTQRDRPVAVSVSLKFINILEVNEITNEVDVVFWQQTTWSDRTLAWNSSHSPDQVSVPISSLWVPDLAAYNAISKPEVLTPQLARVVSDGEVLYMPSIRQRFSCDVSGVDTESGATCRIKIGSWTHHSREISVDPTTENSDDSEYFSQYSRFEILDVTQKKNSVTYSCCPEAYEDVEVSLNFRKKGRSEI,c1ncc(cc1OCC)N1CCC[N+]CC1
1u1b,2.0,2005,7.8,Kd=16nM,57,KETAAAKFERQHMDSSTSAASSSNYCNQMMKSRNLTKDRCKPVNTFVHESLADVQAVCSQKNVACKNGQTNCYQSYSTMSITDCRETGSSKYPNCAYKTTQANKHIIVACEGNPYVPVHFDASV,OC1C(OC(COP(=O)(=O)OP(=O)(=O)OC2CC(OC2COP(=O)(=O)=O)N2C(=O)NC(=O)C(=C2)C)C1OP(=O)(=O)=O)N1C=Nc2c(ncnc21)N
3wz8,1.45,2015,5.82,Ki=1.5uM,2,STGSATTTPIDSLDDAYITPVQIGTPAQTLNLDFDTGSSDLWVFSSETTASEVDGQTIYTPSKSTTAKLLSGATWSISYGDGSSSSGDVYTDTVSVGGLTVTGQAVESAKKVSSSFTEDSTIDGLLGLAFSTLNTVSPTQQKTFFDNAKASLDSPVFTADLGYHAPGTYNFGFIDTTAYTGSITYTAVSTKQGFWEWTSTGYAVGSGTFKSTSIDGIADTGTTLLYLPATVVSAYWAQVSGAKSSSSVGGYVFPCSATLPSFTFGVGSARIVIPGDYIDFGPISTGSSSCFGGIQSSAGIGINIFGDVALKAAFVVFNGATTPTLGFASK,C1SC(=C(C(=O)NCc2ccccc2)C=1c1ccccc1)NC(=O)CCNc1ccccc1
1qf1,2.0,1999,7.32,Ki=48nM,27,ITGTSTVGVGRGVLGDQKNINTTYSTYYYLQDNTRGDGIFTYDAKYRTTLPGSLWADADNQFFASYDAPAVDAHYYAGVTYDYYKNVHNRLSYDGNNAAIRSSVHYSQGYNNAFWNGSEMVYGDGDGQTFIPLSGGIDVVAHELTHAVTDYTAGLIYQNESGAINEAISDIFGTLVEFYANKNPDWEIGEDVYTPGISGDSLRSMSDPAKYGDPDHYSKRYTGTQDNGGVHINSGIINKAAYLISQGGTHYGVSVVGIGRDKLGKIFYRALTQYLTPTSNFSQLRAAAVQSATDLYGSTSQEVASVKQAFDAVGVK,SC(C(=O)NC(C(=O)NC([C-](=O)=O)C)Cc1ccccc1)CCCCC
2zcr,1.92,2008,6.87,Ki=135nM,33,MTMMDMNFKYCHKIMKKHSKSFSYAFDLLPEDQRKAVWAIYAVCRKIDDSID,c1cc(ccc1-c1ccc(cc1)CCCC(P(=O)(=O)=O)S(=O)(=O)=O)CCCC
3ivg,1.95,2009,4.3,Kd=50uM,28,IPAFHPGELNVYSAPGDVADVSRALRLTGRRVMLVPTMGALHEGHLALVRAAKRVPGSVVVVSIFVNPMQFGAGGDLDAYPRTPDDDLAQLRAEGVEIAFTPTTAAMYPDGLRTTVQPGPLAAELEGGPRPTHFAGVLTVVLKLLQIVRPDRVFFGEKDYQQLVLIRQLVADFNLDVAVVGVPTVREADGLAMSSRNRYLDPAQRAAAVALSAALTAAAHAATAGAQAALDAARAVLDAAPGVAVDYLELRDIGLGPMPLNGSGRLLVAARLGTTRLLDNIAIEIGT,C1=C(Oc2ccccc21)S(=O)(=O)NCC1=Cc2cc(OC)ccc2N1C[C-](=O)=O
1z9g,1.7,2005,5.64,Ki=2.3uM,27,ITGTSTVGVGRGVLGDQKNINTTYSTYYYLQDNTRGDGIFTYDAKYRTTLPGSLWADADNQFFASYDAPAVDAHYYAGVTYDYYKNVHNRLSYDGNNAAIRSSVHYSQGYNNAFWNGSEMVYGDGDGQTFIPLSGGIDVVAHELTHAVTDYTAGLIYQNESGAINEAISDIFGTLVEFYANKNPDWEIGEDVYTPGISGDSLRSMSDPAKYGDPDHYSKRYTGTQDNGGVHINSGIINKAAYLISQGGTHYGVSVVGIGRDKLGKIFYRALTQYLTPTSNFSQLRAAAVQSATDLYGSTSQEVASVKQAFDAVGVK,SCC(NC(=O)C[C-](=O)=O)Cc1ccccc1
1w4o,1.6,2005,5.22,Ki=6uM,57,KETAAAKFERQHMDSSTSAASSSNYCNQMMKSRNLTKDRCKPVNTFVHESLADVQAVCSQKNVACKNGQTNCYQSYSTMSITDCRETGSSKYPNCAYKTTQANKHIIVACEGNPYVPVHFDASV,OCC1OC(N2C(=O)NC(=O)C=C2)C(O)C1OP(=O)(=O)=O
2zb1,2.5,2008,6.32,Kd=0.48uM,22,ERPTFYRQELNKTIWEVPERYQNLSPV,c1cc(ccc1C(=O)NCC1CC1)-c1cc(C2=NN=C(O2)C)ccc1C
3gc5,1.4,2009,7.26,Ki=55nM,21,RPRFSFSIAAREGKARTGTIEMKRGVIRTPAFMPVGTAATVKALKPETVRATGADIILGNTYHLMLRPGAERIAKLGGLHSFMGWDRPILTDSGGYQVMSLS,c1c2C(=O)n[c+](=N)n-c2c(c2N=C(Nc12)NC)CC[N+]
3qqs,1.97,2012,5.82,Ki=1.5uM,23,PSWPQILGRLTDNRDLARGQAAWAMDQIMTGNARPAQIAAFAVAMTMKAPTADEVGELAGVMLSHAHPLPADTVPDDAVDVVGTGGDGVNTVNLSTMAAIVVAAAGVPVVKHGNRAASSLSGGADTLEALGVRIDLGPDLVARSLAEVGIGFCFAPRFHPSYRHAAAVRREIGVPTVFNLLGPLTNPARPRAGLIGCAFADLAEVMAGVFAARRSSVLVVHGDDGLDELTTTTTSTIWRVAAGSVDKLTFDPAGFGFARAQLDQLAGGDAQANAAAVRAVLGGARGPVRDAVVLNAAGAIVAHAGLSSRAEWLPAWEEGLRRASAAIDTGAAEQLLARWVRFGRQI,c1ccc(c(c1)[C-](=O)=O)Nc1ccccc1[C-](=O)=O
3arp,1.55,2011,7.15,Kd=0.07uM,14,APTAPSIDMYGSNNLQFSKIELAMETTSGYNDMVKYHELAKIKVKFNQWSGTSGDTYNVYFDGVKVATGAITGSQTTASFEYGQGGLYQMEIEACDATGCSKSAPVEITIADTDGSHLKPLTMNVDPNNKSYNTDPSIVMGTYFVEWGIYGRDYTVDNMPVDNLTHILYGFIPICGPNESVKSVGGNSFNALQTACRGVNDYEVVIHDPWAAYQKSFPQAGHEYSTPIKGNYAMLMALKQRNPDLKIIPSIGGWTLSDPFYDFVDKKNRDTFVASVKKFLKTWKFYDGVDIDWEFPGGGGAAADKGDPVNDGPAYIALMRELRVMLDELEAETGRTYELTSAIGVGYDKIEDVDYADAVQYMDYIFAMTYDFYGGWNNVPGHQTALYCGSFMRPGQCDGGGVDENGEPYKGPAYTADNGIQLLLAQGVPANKLVLGTAMYGRGWEGVTPDTLTDPNDPMTGTATGKLKGSTAQGVWEDGVIDYKGIKSFMLGANNTGINGFEYGYDAQAEAPWVWNRSTGELITFDDHRSVLAKGNYAKSLGLAGLFSWEIDADNGDILNAMHEGMAGGVVTPP,N=C1C=C(N(c2ccccc21)CCCCCCCCC=CN1c2ccccc2C(=CC1C)N)C
2y5h,1.33,2011,5.79,Ki=1620nM,45,IVGGQECKDGECPWQALLINEENEGFCGGTILSEFYILTAAHCLYQAKRFKVRVGDRNTEQEEGGEAVHEVEVVIKHNRFTKETYDFDIAVLRLKTPITFRMNVAPACLPERDWAESTLMTQKTGIVSGFGRTHEKGEQSTRLKMLEVPYVDRNSCKLSSSFIITQNMFCAGYDTKQEDACQGDSGGPHVTRFKDTYFVTGIVSWGEGCARKGKYGIYTKVTAFLKWIDRSMKT,C1OC(=NC=1C1C2C(=O)N(C(=O)C2C2CCC[N+]12)CCC[N+](C)(C)C)C1SC(Cl)=CC=1
3b68,1.9,2008,8.4,Ki=4nM,40,PIFLNVLEAIEPGVVCAGHDNNQPDSFAALLSSLNELGERQLVHVVKWAKALPGFRNLHVDDQMAVIQYSWMGLMVFAMGWRSFTNVNSRMLYFAPDLVFNEYRMHKSRMYSQCVRMRHLSQEFGWLQITPQEFLCMKALLLFSIIPVDGLKNQKFFDELRMNYIKELDRIIACKRKNPTSCSRRFYQLTKLLDSVQPIARELHQFTFDLLIKSHMVSVDFPEMMAEIISVQVPKILSGKVKPIYFH,OC(C(=O)Nc1ccc(c(c1)C(F)(F)F)N(=O)=O)(C)COc1ccc(cc1)NC(=O)C
4ciw,2.2,2014,4.82,Ki=15.0uM,53,LIVNVINGPNLGRLGRREPAVYGGTTHDELVALIEREAAELGLKAVVRQSDSEAQLLDWIHQAADAAEPVILNAGGLTHTSVALRDACAELSAPLIEVHISNVHAREEFRRHSYLSPIATGVIVGLGIQGYLLALRYLAEH,OCCC1=CC(O)([C-](=O)=O)CC(O)C1O
3fur,2.3,2009,8.0,Ki=10nM,35,PESADLRALAKHLYDSYIKSFPLTKAKARAILTGKTTDKSPFVIYDMNSLMMG,c1nc2ccccc2cc1Oc1c(Cl)cc(cc1Cl)NS(=O)(=O)c1ccc(Cl)cc1Cl
3gbb,2.1,2009,6.9,Ki=126nM,43,NRTLIVTTILEEPYVMYRKSDKPLYGNDRFEGYCLDLLKELSNILGFLYDVKLVPDGKYGAQNDKGEWNGMVKELIDHRADLAVAPLTITYVREKVIDFSKPFMTLGISILYRKGTPIDSADDLAKQTKIEYGAVRDGSTMTFFKKSKISTYEKMWAFMSSRQQSALVKNSDEGIQRVLTTDYALLMESTSIEYVTQRNCNLTQIGGLIDSKGYGVGTPIGSPYRDKITIAILQLQEEGKLHMMKEKWWRGNGCP,C1OC2CC(OC2CC1)([C-](=O)=O)CC([C-](=O)=O)[N+]
1gpn,2.35,2002,6.48,Ki=0.334uM,16,SELLVNTKSGKVMGTRVPVLSSHISAFLGIPFAEPPVGNMRFRRPEPKKPWSGVWNASTYPNNCQQYVDEQFPGFSGSEMWNPNREMSEDCLYLNIWVPSPRPKSTTVMVWIYGGGFYSGSSTLDVYNGKYLAYTEEVVLVSLSYRVGAFGFLALHGSQEAPGNVGLLDQRMALQWVHDNIQFFGGDPKTVTIFGESAGGASVGMHILSPGSRDLFRRAILQSGSPNCPWASVSVAEGRRRAVELGRNLNCNLNSDEELIHCLREKKPQELIDVEWNVLPFDSIFRFSFVPVIDGEFFPTSLESMLNSGNFKKTQILLGVNKDEGSFFLLYGAPGFSKDSESKISREDFMSGVKLSVPHANDLGLDAVTLQYTDWMDDNNGIKNRDGLDDIVGDHNVICPLMHFVNKYTKFGNGTYLYFFNHRASNLVWPEWMGVIHGYEIEFVFGLPLVKELNYTAEEEALSRRIMHYWATFAKTGNPNEPHS,C1C(=O)NC2=C(C=1)C13CC(=CC(C2)C1CCC[N+]3)C
4ty7,2.09,2014,9.52,Ki=0.3nM,4,IVGGTASVRGEWPWQVTLHTTSPTQRHLCGGSIIGNQWILTAAHCFYGVESPKILRVYSGILNQSEIKEDTSFFGVQEIIIHDQYKMAESGYDIALLKLETTVGYGDSQRPICLPSKGDRNVIYTDCWVTGWGYRKLRDKIQNTLQKAKIPLVTNEECQKRYRGHKITHKMICAGYREGGKDACKGDSGGPLSCKHNEVWHLVGITSWGEGCAQRERPGVYTNVVEYVDWILEKTQAV,c1ccc(cc1)CC(C1=NC(=C(Cl)N1)c1ccc2=C(N)NN=c2c1)NC(=O)C1CCC(CC1)C[N+]
2wer,1.6,2009,7.05,Kd=90nM,48,MASETFEFQAEITQLMSLIINTVYSNKEIFLREIVSNASDALDKIRYKSLSDPKQLETEPDLFIRITPKPEQKVLEIRDSGIGMTKAELINNLGTIAKSGTKAFMEALSAGADVSMIGQFGVGFYSLFLVADRVQVISKSNDDEQYIWESNAGGSFTVTLDEVNERIGRGTILRLFLKDDQLEYLEEKRIKEVIKRHSEFVAYPIQLVVTKEVE,Oc1cc(O)c2C(=O)OC(C)CC3OC3C=CC=CC(=O)Cc2c1Cl
4pcs,1.77,2014,7.85,Ki=14nM,20,EIPLKYGATNEGKRQDPAMQKFRDNRLGAFIHWGLYAIPGGEWNGKVYGGAAEWLKSWAKVPADEWLKLMDQWNPTKFDAKKWAKMAKEMGTKYVKITTKHHEGFCLWPSKYTKYTVANTPYKRDILGELVKAYNDEGIDVHFYFSVMDWSNPDYRYDIKSKEDSIAFSRFLEFTDNQLKELATRYPTVKDFWFDGTWDASVKKNGWWTAHAEQMLKELVPGVAINSRLRADDKGKRHFDSNGRLMGDYESGYERRLPDPVKDLKVTQWDWEACMTIPENQWGYHKDWSLSYVKTPIEVIDRIVHAVSMGGNMVVNFGPQADGDFRPEEKAMATAIGKWMNRYGKAVYACDYAGFEKQDWGYYTRGKNDEVYMVVFNQPYSERLIVKTPKGITVEKATLLTTGEDITVVETTRNEYNVSVPKKNPGEPYVIQLKVRAAK,OC1C(O)C(C)[N+]C1C#Cc1ccccc1
2wca,2.3,2009,5.6,Ki=2.5uM,13,LQPPPQQLIVQNKTIDLPAVYQLNGGEEANPHAVKVLKELLS,OCC1OC(=NOC(=O)Nc2ccccc2)C(NC(=O)CCC)C(O)C1O
4wiv,1.56,2014,6.26,Kd=550nM,10,SMNPPPPETSNPNKPKRQTNQLQYLLRVVLKTLWKHQFAWPFQQPVDAVKLNLPDYYKIIKTPMDMGTIKKRLENNYYWNAQECIQDFNTMFTNCYIYNKPGDDIVLMAEALEKLFLQKINELPTEE,c1ncc2NC(=C(NC(C)(C)C)n2c1)c1ccc(C2C(=NOC=2C)C)cc1
2zda,1.73,2008,8.4,Ki=4nM,34,IVEGSDAEIGMSPWQVMLFRKSPQELLCGASLISDRWVLTAAHCLLYPPWDKNFTENDLLVRIGKHSRTRYERNIEKISMLEKIYIHPRYNWRENLDRDIALMKLKKPVAFSDYIHPVCLPDRETAASLLQAGYKGRVTGWGNLKET,c1ccc(cc1)CC(C(=O)N1CCCC1C(=O)NCc1ccc(cc1)[C+](=N)=N)[N+]
4dli,1.91,2013,5.62,Kd=2.40uM,22,RPTFYRQELNKTIWEVPERYQNLSPVGS,c1ccc(-c2nc(c3ccc(cc3n2)N)NC2CC2)cc1
3e93,2.0,2008,8.85,Ki=1.4nM,22,ERPTFYRQELNKTIWEVPERYQNLSPVGSGAYGSVCAAFDTKTGLRVAVKKLSRPFQSIIHAKRTYRELRLLKHMKHENVIGLLDVFTPARSLEEFNDVYLVTHLMGADLNNIVKCQKLTDDHVQFLIYQILRGLKYIHSADIIHRDLKPSNLAVNED,c1cc(cc(c1)N1CCOCC1)NC(=O)c1ccc(c(c1)-c1ccc2C(=NOc2c1)C1CC[N+]CC1)C
2xnb,1.85,2010,6.83,Ki=149nM,29,MENFQKVEKIGEGTYGVVYKARNKLTGEVVALKKIRLDTE,c1nc(nc(C2SC(=O)N(C=2C)C)c1)Nc1ccc(cc1)N1CC[N+]CC1
3l7b,2.0,2010,2.4,Ki=4.01mM,12,QISVRGLAGVENVTELKKNFNRHLHFTLVKDRNVATPRDYYFALAHTVRDHLVGRWIRTQQHYYEKDPKRIYYLSLEFYMGRTLQNTMVNLALENACDEATYQLGLDMEELEEIEEDAGLGNGGLGRLAACFLDSMATLGLAAYGYGIRYEFGIFNQKICGGWQMEEADDWLRYGNPWEKARPEFTLPVHFYGRVEHTSQGAKWVDTQVVLAMPYDTPVPGYRNNVVNTMRLWSAKAPNDFNL,N=C1C=CN(C(=O)N1)C1OC(CO)C(O)C(F)C1O
4kzq,2.25,2013,6.1,Kd=788nM,49,GTILIDLSPDDKEFQSVEEEMQSTVREHRDGGHAGGIFNRYNILKIQKVCNKKLWERYTHRRKEVSEENHNHANERMLFHGSPFVNAIIHKGFDERHAYIGGMFGAGIYFAENSSKSNQYVYGIGGGTGCPVHKDRSCYICHRQLLFCRVTLGKSFLQFSA,Oc1ccc(C2Oc3ccccc3C(=O)C=2)cc1
4ivc,2.35,2013,10.0,Ki=0.1nM,30,GDIVSEKKPATEVDPTHFEKRFLKRIRDLGEGHFGKVELCRYDPEGDNTGEQVAVKSLKP,OC(C1=Nc2cnc3c(C=CN3)c2N1C1CCC(CC#N)CC1)C
2x00,2.4,2010,11.33,Kd=4.7pM,50,YKDDDDKLHSQANLMRLKSDLFNRSPMYPGPTKDDPLTVTLGFTLQDIVKADSSTNEVDLVYYEQQRWKLNSLMWDPNEYGNITDFRTSAADIWTPDITAYSSTRPVQVLSPQIAVVTHDGSVMFIPAQRLSFMCDPTGVDSEEGATCAVKFGSWVYSGFEIDLKTDTDQVDLSSYYASSKYEILSATQTRQVQHYSCCPEPYIDVNLVVKFRERR,OC1C(=CC2C(=C(CCC23C(=NCCC3)CCC=C(C)C2OC(CC1)CC2C)C1OC(=O)C(C)C1)C)C
3rr4,1.68,2012,4.55,Ki=28.05uM,21,RPRFSFSIAAREGKARTGTIEMKRGVIRTPAFMPVGTAATVKALKPETVRATGADIILGNTYHLMLRPGAERIAKLGGLHSFMGWDRPILTDSGGYQVMSLS,c1c2N=C(Nc2cc2N=C(NC(=O)c12)NC)NC
4e6q,1.95,2012,8.36,Ki=4.4nM,31,AFEDRDPTQFEERHLKFLRQLGKGNFGSVEMCRYDPLQDNTGEVVAVKKLQHSTEEHLRDFEREIEILKSLQHDNIVKYKGVCYSAGRRNLKLIMEFLPYGSLREYLQKHKERIDHIKLLQYTSQICKGMEYLGTKRYIHRDLATRNILVENENRVKIGDFGLTKVLPQDKE,C1=Nc2cnc3c(C=CN3)c2N1C1CC[N+](Cc2ccccc2)CC1
4ddk,1.75,2013,2.29,Kd=5.13mM,28,IPAFHPGELNVYSAPGDVADVSRALRLTGRRVMLVPTMGALHEGHLALVRAAKRVPGSVVVVSIFVNPMQFGAGGDLDAYPRTPDDDLAQLRAEGVEIAFTPTTAAMYPDGLRTTVQPGPLAAELEGGPRPTHFAGVLTVVLKLLQIVRPDRVFFGEKDYQQLVLIRQLVADFNLDVAVVGVPTVREADGLAMSSRNRYLDPAQRAAAVALSAALTAAAHAATAGAQAALDAARAVLDAAPGVAVDYLELRDIGLGPMPLNGSGRLLVAARLGTTRLLDNIAIEIGTFA,c1cc(cc2OCOc12)[C-](=O)=O
4ogj,1.65,2014,6.79,Kd=164nM,10,SMNPPPPETSNPNKPKRQTNQLQYLLRVVLKTLWKHQFAWPFQQPVDAVKLNLPDYYKIIKTPMDMGTIKKRLENNYYWNAQECIQDFNTMFTNCYIYNKPGDDIVLMAEALEKLFLQKINELPTEE,c1nc(nc(c1C)Nc1cccc(c1)S(=O)(=O)NC(C)(C)C)Nc1ccc(OCC[N+]2CCCC2)cc1
2w66,2.27,2009,4.05,Ki=89uM,13,SLQPPPQQLIVQNKTIDLPAVYQLNGGEEANPHAVKVLKELLSGKQSSKKGMLISIGEKGDKSVRKYSRQIPDHKEGYYLSVNEKEIVLAGNDERGTYYALQTFAQLLKDGKLPEVEIKDYPSVRYRGVVEGFYGTPWSHQARLSQLKFYGKNKMNTYIYGPKDDPYHSAPNWRLPYPDKEAAQLQELVAVANENEVDFVWAIHPGQDIKWNKEDRDLLLAKFEKMYQLGVRSFAVFFDDISGEGTNPQKQAELLNYIDEKFAQVKPDINQLVMCPTEYNKSWSNPNGNYLTTLGDKLNPSIQIMWTGDRVISDITRDGISWINERIKRPAYIWWNFPVSDYVRDHLLLGPVYGNDTTIAKEMSGFVTNPMEHAESSKIAIYSVASYAWNPAKYDTWQTWKDAIRTILPSAAEELECFAMHNSDLGPNGHGYRREESMDIQPAAERFLKAFKEGKNYDKADFETLQYTFERMKESADILLMNTENKPLIVEITPWVHQFKLTAEMGEEVLKMVEGRNESYFLRKYNHVKALQQQMFYIDQTSNQNPYQPGVKTATRVIKPLIDRTFATVVKFFNQKFNAHLDATTDYMPHKM,OCC1C(O)C(O)C(NC(=O)C)C(O)C[N+]1
1p1q,2.0,2003,4.89,Kd=12.8uM,41,KTVVVTTILESPYVMMKKNHEMLEGNERYEGYCVDLAAEIAKHCGFKYKLTIVGDGKYGARDADTKIWNGMVGELVYGKADIAIAPLTITLVREEVIDFSKPFMSLGISIMIKKGTPIESAEDLSKQTEIAYGTTDSGSTKEFFRRSKIAVFDKMWTYMRSAEPSVFVRTTAEGVARVRKSKGKYAYLLESTMNEYIEQRKPCDTMKVGGNLDSKGYGIATPKGSSLGNAVNLAVLKLNEQGLLDKLKNKWWYDKGEC,N1OC(=C(C1=O)CC([C-](=O)=O)[N+])C
4kzu,2.1,2013,6.5,Ki=313nM,49,GTILIDLSPDDKEFQSVEEEMQSTVREHRDGGHAGGIFNRYNILKIQKVCNKKLWERYTHRRKEVSEENHNHANERMLFHGSPFVNAIIHKGFDERHAYIGGMFGAGIYFAENSSKSNQYVYGIGGGTGCPVHKDRSCYICHRQLLFCRVTLGKSFLQFSA,C1C(=O)c2ccccc2OC=1c1ccc(Br)cc1
2wtv,2.4,2010,8.74,Ki=1.8nM,36,KRQWALEDFEIGRPLGKGKFGNVYLAREKQSKFILALKVLFKAQLEKAGVEHQLRREVEIQSHLRHPNILRLYGYFHDATRVYLILEYAPRGEVYKELQKLSKFDEQRTATYITELANALSYCHSKRVIHRDIKPENLLLGSAGELKIADFGWSVHAPSSRR,c1nc(nc2-c3ccc(Cl)cc3C(=NCc12)c1c(F)cccc1F)Nc1ccc(cc1)[C-](=O)=O
1gpk,2.1,2002,5.37,Ki=4.3uM,16,SELLVNTKSGKVMGTRVPVLSSHISAFLGIPFAEPPVGNMRFRRPEPKKPWSGVWNASTYPNNCQQYVDEQFPGFSGSEMWNPNREMSEDCLYLNIWVPSPRPKSTTVMVWIYGGGFYSGSSTLDVYNGKYLAYTEEVVLVSLSYRVGAFGFLALHGSQEAPGNVGLLDQRMALQWVHDNIQFFGGDPKTVTIFGESAGGASVGMHILSPGSRDLFRRAILQSGSPNCPWASVSVAEGRRRAVELGRNLNCNLNSDEELIHCLREKKPQELIDVEWNVLPFDSIFRFSFVPVIDGEFFPTSLESMLNSGNFKKTQILLGVNKDEGSFFLLYGAPGFSKDSESKISREDFMSGVKLSVPHANDLGLDAVTLQYTDWMDDNNGIKNRDGLDDIVGDHNVICPLMHFVNKYTKFGNGTYLYFFNHRASNLVWPEWMGVIHGYEIEFVFGLPLVKELNYTAEEEALSRRIMHYWATFAKTGNPNEP,C1C(=O)NC2=C(C=1)C1(C(=CC)C(C=C(C)C1)C2)[N+]
3prs,1.38,2011,7.82,Ki=15nM,2,STGSATTTPIDSLDDAYITPVQIGTPAQTLNLDFDTGSSDLWVFSSETTASEVDGQTIYTPSKSTTAKLLSGATWSISYGDGSSSSGDVYTDTVSVGGLTVTGQAVESAKKVSSSFTEDSTIDGLLGLAFSTLNTVSPTQQKTFFDNAKASLDSPVFTADLGYHAPGTYNFGFIDTTAYTGSITYTAVSTKQGFWEWTSTGYAVGSGTFKSTSIDGIADTGTTLLYLPATVVSAYWAQVSGAKSSSSVGGYVFPCSATLPSFTFGVGSARIVIPGDYIDFGPISTGSSSCFGGIQSSAGIGINIFGDVALKAAFVVFNGATTPTLGFASK,OC(CC(NC(=O)C(NC(=O)N(C)CC1N=C(SC=1)C(C)C)C(C)C)Cc1ccccc1)C(NC(=O)OCC1SC=NC=1)Cc1ccccc1
4bkt,2.35,2013,3.62,Kd=240uM,54,MDVFLMIRRHKTTIFTDAKESSTVFELKRIVEGILKRPPDEQRLYKDDQLLDDGKTLGECGFTSQTARPQAPATVGLAFRADDTFEAL,OC1CN(C(=O)CC2ON=C(C=2)C)C(C(=O)NC)C1
1z6e,1.8,2006,9.72,Ki=0.19nM,45,IVGGQECKDGECPWQALLINEENEGFCGGTILSEFYILTAAHCLYQAKRFKVRVGDRNTEQEEGGEAVHEVEVVIKHNRFTKETYDFDIAVLRLKTPITFRMNVAPACLPERDWAESTLMTQKTGIVSGFGRTHEKGRQSTRLKMLEVPYVDRNSCKLSSSFIITQNMFCAGYDTKQEDACQGDSGGPHVTRFKDTYFVTGIVSWGEGCARKGKYGIYTKVTAFLKWIDRSMKT,C1N=C(N(C=1)c1ccc(c(F)c1)NC(=O)C1=CC(=NN1c1ccc2ON=C(c2c1)N)C(F)(F)F)C[N+](C)C
3nx7,1.8,2010,8.1,Kd=7.88nM,56,GPVWRKHYITYRINNYTPDMNREDVDYAIRKAFQVWSNVTPLKFSKINTGMADILVVFARGAHGDDHAFDGKGGILAHAFGPGSGIGGDAHFDEDEFWTTHSGGTNLFLTAVHEIGHSLGLGHSSDPKAVMFPTYKYVDINTFRLSADDIRGIQSLYG,ONC(=O)CN(CCO)S(=O)(=O)c1ccc(OC)cc1
1nc3,2.2,2003,5.0,Ki=10uM,46,EFSMKIGIIGAMEEEVTLLRDKIENRQTISLGGCEIYTGQLNGTEVALLKSGIGKVAAALGATLLLEHCKPDVIINTGSAGGLAPTLKVGDIVVSDEARYHDADVTAFGYEYGQLPGCPAGFKADDKLIAAAEACIAELNLNAVRGLIVSGDAFINGSVGLAKIRHNFPQAIAVEMEATAIAHVCHNFNVPFVVVRAISDVADQQSHLSFDEFLAVAAKQSSLMVESLVQKLAHG,OCC1OC(C2=NNc3c2ncnc3N)C(O)C1O
3ehy,1.9,2009,5.85,Ki=1.4uM,56,GPVWRKHYITYRINNYTPDMNREDVDYAIRKAFQVWSNVTPLKFSKINTGMADILVVFARGAHGDDHAFDGKGGILAHAFGPGSGIGGDAHFDEDEFWTTHSGGTNLFLTAVHEIGHSLGLGHSSDPKAVMFPTYKYVDINTFRLSADDIRGIQSLYG,c1cc(ccc1OC)S(=O)(=O)NC([C-](=O)=O)C
3pww,1.22,2011,7.32,Ki=48nM,2,STGSATTTPIDSLDDAYITPVQIGTPAQTLNLDFDTGSSDLWVFSSETTASEVDGQTIYTPSKSTTAKLLSGATWSISYGDGSSSSGDVYTDTVSVGGLTVTGQAVESAKKVSSSFTEDSTIDGLLGLAFSTLNTVSPTQQKTFFDNAKASLDSPVFTADLGYHAPGTYNFGFIDTTAYTGSITYTAVSTKQGFWEWTSTGYAVGSGTFKSTSIDGIADTGTTLLYLPATVVSAYWAQVSGAKSSSSVGGYVFPCSATLPSFTFGVGSARIVIPGDYIDFGPISTGSSSCFGGIQSSAGIGINIFGDVALKAAFVVFNGATTPTLGFASK,OC(C(NC(=O)C(NC(=O)c1nc2ccccc2cc1)CC(=O)N)Cc1ccccc1)C[N+]1CC2CCCCC2CC1C(=O)NC(C)(C)C
2qnq,2.3,2008,6.11,Ki=0.77uM,9,PQITLWQRPLVTIKIGGQLKEALLDTGADDTVLEEMSLPGRWKPKMIGGIGGFIKVRQYDQILIEICGHKAIGTVLVGPTPVNIIGRNLLTQIGCTLNF,c1ccc(cc1)CN(C1C(N(Cc2ccccc2)S(=O)(=O)c2ccccc2Cl)C[N+]C1)S(=O)(=O)c1ccccc1Cl
3arv,1.5,2011,5.64,Kd=2.3uM,14,APTAPSIDMYGSNNLQFSKIELAMETTSGYNDMVKYHELAKIKVKFNQWSGTSGDTYNVYFDGVKVATGAITGSQTTASFEYGQGGLYQMEIEACDATGCSKSAPVEITIADTDGSHLKPLTMNVDPNNKSYNTDPSIVMGTYFVEWGIYGRDYTVDNMPVDNLTHILYGFIPICGPNESVKSVGGNSFNALQTACRGVNDYEVVIHDPWAAYQKSFPQAGHEYSTPIKGNYAMLMALKQRNPDLKIIPSIGGWTLSDPFYDFVDKKNRDTFVASVKKFLKTWKFYDGVDIDWEFPGGGGAAADKGDPVNDGPAYIALMRELRVMLDELEAETGRTYELTSAIGVGYDKIEDVDYADAVQYMDYIFAMTYDFYGGWNNVPGHQTALYCGSFMRPGQCDGGGVDENGEPYKGPAYTADNGIQLLLAQGVPANKLVLGTAMYGRGWEGVTPDTLTDPNDPMTGTATGKLKGSTAQGVWEDGVIDYKGIKSFMLGANNTGINGFEYGYDAQAEAPWVWNRSTGELITFDDHRSVLAKGNYAKSLGLAGLFSWEIDADNGDILNAMHEGMAGGVVTPPN,c1cc2-c3ccc4cc5OCOc5cc4c3N(C)Cc2c2OCOc12
4ivd,1.93,2013,9.52,Ki=0.3nM,30,GDIVSEKKPATEVDPTHFEKRFLKRIRDLGEGHFGKVELCRYDPEGDNTGEQVAVKSLKP,OC(C1=Nc2cnc3c(C=CN3)c2N1C1CCC(CCC#N)CC1)C
1syi,2.1,2005,5.44,Ki=3590nM,41,NKTVVVTTILESPYVMMKKNHEMLEGNERYEGYCVDLAAEIAKHCGFKYKLTIVGDGKYGARDADTKIWNGMVGELVYGKADIAIAPLTITLVREEVIDFSKPFMSLGISIMIKKGTPIESAEDLSKQTEIAYGTLDSGSTKEFFRRSKIAVFDKMWTYMRSAEPSVFVRTTAEGVARVRKSKGKYAFLLESTMNEYIEQRKPCDTMKVGGNLDSKGYGIATPKGSSLGNAVNLAVLKLNEQGLLDKLKNKWWYDKGEC,N1C(=O)C2=C(N(C1=O)CC([C-](=O)=O)[N+])CCC2
2xdl,1.98,2010,3.1,Kd=790uM,39,VETFAFQAEIAQLMSLIINTFYSNKEIFLRELISNSSDALDKIRYESLTDPSKLDSGKELHINLIPNKQDRTLTIVDTGIGMTKADLINNLGTIAKSGTKAFMEALQAGADISMIGQFGVGFYSAYLVAEKVTVITKHNDDEQYAWESSAGGSFTVRTDTGEPMGRGTKVILHLKEDQTEYLEERRIKEIVKKHSQFIGYPITLFVEK,Oc1ccc(C(=O)N(CC)CC)cc1OC
2brb,2.1,2005,4.86,Ki=13.7uM,32,AVPFVEDWDLVQTLGEGAYGEVQLAVNRVTEEAVAVKIVDMKR,OCCNc1ncnc2OC(=C(c21)c1ccccc1)c1ccccc1
3oe5,1.52,2011,6.88,Ki=132nM,51,DTKEQRILRYVQQNAKPGDPQSVLEAIDTYCTQKEWAMNVGDAKGQIMDAVIREYSPSLVLELGAYCGYSAVRMARLLQPGARLLTMEINPDCAAITQQMLNFAGLQDKVTILNGASQDLIPQLKKKYDVDTLDMVFLDHWKDRYLPDTLLLEKCGLLRKGTVLLADNVIVPGTPDFLAYVRGSSSFECTHYSSYLEYMKVVDGLEKAIYQGP,Oc1cc(cc(C(=O)NCC=CC2OC(Sc3ccncc3)C(O)C2O)c1O)N(=O)=O
2hb1,2.0,2006,3.8,Ki=160uM,25,EMEKEFEQIDKSGSWAAIYQDIRHEASDFPCRVAKLPKNKNRNRYRDVSPFDHSRIKLHQEDNDYINASLIKMEEAQRSYILTQGPLPNTCGHFWEMVWEQKSRGVVMLNRVMEKGSLKCAQYWPQKEEKEMIFEDTNLKLTLISEDIKSYYTVRQLELENLTTQETREILHFHYTTWPDFGVPESPASFLNFLFKVRESGSLSPEHGPVVVHCSAGIGRSGTFCLADTCLLLMDKRKDPSSVDIKKVLLEMRKFRMGLIQTADQLRFSYLAVIEGAKFIMGDSSVQDQWKELSHED,C1SC(=C(OC[C-](=O)=O)C=1Br)[C-](=O)=O
4jia,1.85,2013,9.22,Ki=0.6nM,31,SGAFEDRDPTQFEERHLKFLQQLGKGNFGSVEMCRYDPLQDNTGEVVAVKKLQHSTEEHLRDFEREIEILKSLQHDNIVKYKGVCYSAGRRNLKLIMEYLPYGSLRDYLQKHKERIDHIKLLQYTSQICKGMEYLGTKRYIHRDLATRNILVENENRVKIGDFGLTKVLPQDKE,c1cc(-c2ccc(OC)cc2)n2N=C(Nc3ccc(cc3)N3CC[N+](C)CC3)Nc2c1
3jvr,1.76,2009,5.72,Ki=1.89uM,32,AVPFVEDWDLVQTLGE,c1ccc2c(N=C(N2)C(OC(=O)Nc2ccc(Cl)c(Cl)c2)C)c1
2al5,1.65,2005,8.4,Ki=4nM,41,NKTVVVTTILESPYVMMKKNHEMLEGNERYEGYCVDLAAEIAKHCGFKYKLTIVGDGKYGARDADTKIWNGMVGELVYGKADIAIAPLTITLVREEVIDFSKPFMSLGISIMIKKGTPIESAEDLSKQTEIAYGTLDSGSTKEFFRRSKIAVFDKMWTYMRSAEPSVFVRTTAEGVARVRKSKGKYAYLLESTMNEYIEQRKPCDTMKVGGNLDSKGYGIATPKGSSLGNAVNLAVLKLNEQGLLDKLKNKWWYDKGECG,C1=C(F)C(=O)NC(=O)N1CC([C-](=O)=O)[N+]
3r88,1.73,2012,4.82,Ki=15uM,23,PSWPQILGRLTDNRDLARGQAAWAMDQIMTGNARPAQIAAFAVAMTMKAPTADEVGELAGVMLSHAHPLPADTVPDDAVDVVGTGGDGVNTVNLSTMAAIVVAAAGVPVVKHGNRAASSLSGGADTLEALGVRIDLGPDLVARSLAEVGIGFCFAPRFHPSYRHAAAVRREIGVPTVFNLLGPLTNPARPRAGLIGCAFADLAEVMAGVFAARRSSVLVVHGDDGLDELTTTTTSTIWRVAAGSVDKLTFDPAGFGFARAQLDQLAGGDAQANAAAVRAVLGGARGPVRDAVVLNAAGAIVAHAGLS,c1c(OC)c(OC)cc(c1[C-](=O)=O)N
4de1,1.26,2012,5.96,Ki=1.1uM,42,TSAVQQKLAALEKSSGGRLGVALIDTADNTQVLYRGDERFPMCSTSKVMAAAAVLKQSETQKQLLNQPVEIKPADLVNYNPIAEKHVNGTMTLAELSAAALQYSDNTAMNKLIAQLGGPGGVTAFARAIGDETFRLDRTEPTLNTAIPGDPRDTTTPRAMAQTLRQLTLGHALGETQRAQLVTWLKGNTTGAASIRAGLPTSWTAGDKTGSGDYGTTNDIAVIWPQGRAPLVLVTYFTQPQQNAESRRDVLASAARIIAEGL,C1=c2cc(C(=O)Nc3cccc(C4=NN=NN4)c3)ccc2=NN1
1sqa,2.0,2004,9.21,Ki=0.62nM,37,IIGGEFTTIENQPWFAAIYRRHRGGSVTYVCGGSLMSPCWVISATHCFIDYPKKEDYIVYLGRSRLNSNTQGEMKFEVENLILHKDYSADTLAHHNDIALLKIRSKEGRCAQPSRTIQTICLPSMYNDPQFGTSCEITGFGKEQSTDYLYPEQLKMTVVKLISHRECQQPHYYGSEVTTKMLCAADPQWKTDSCQGDSGGPLVCSLQGRMTLTGIVSWGRGCALKDKPGVYTRVSHFLPWIRSHT,c1nc(ncc1)Nc1cc(C(=O)Nc2ccc(cc2)C[N+])cc2ccc(cc12)[C+](=N)=N
3gnw,2.39,2009,9.1,Kd=0.79nM,15,SMSYTWTGALITPCAAEESKLPINPLSNSLLRHHNMVYATTSRSASLRQKKVTFDRLQVLDDHYRDVLKEMKAKASTVKAKLLSIEEACKLTPPHSAKSKFGYGAKDVRNLSSRAVNHIRSVWEDLLEDTETPIDTTIMAKSEVFCVQP,Oc1cccc2c1NC1=C(C(c3ccc(OCc4ccccc4)cc3F)N2C(=O)c2nc(ccc2)C)S(=O)(=O)CC(C)(C)C1
3g2n,2.1,2010,4.09,Ki=81uM,12,QISVRGLAGVENVTELKKNFNRHLHFTLVKDRNVATPRDYYFALAHTVRDHLVGRWIRTQQHYYEKDPKRIYYLSLEFYMGRTLQNTMVNLALENACDEATYQLGLDMEELEEIEEDAGLGNGGLGRLAACFLDSMATLGLAAYGYGIRYEFGIFNQKICGGWQMEEADDWLRYGNPWEKARPEFTLPVHFYGRVEHTSQGAKWVDTQVVLAMPYDTPVPGYRNNVVNTMRLWSAKAPNDFNL,OCC1OC(NC(=O)c2ccccc2)C(O)C(O)C1O
2qbr,2.3,2008,6.33,Ki=0.47uM,25,EMEKEFEQIDKSGSWAAIYQDIRHEASDFPCRVAKLPKNKNRNRYRDVSPFDHSRIKLHQEDNDYINASLIKMEEAQRSYILTQGPLPNTCGHFWEMVWEQKSRGVVMLNRVMEKGSLKCAQYWPQKEEKEMIFEDTNLKLTLISEDIKSYYTVRQLELENLTTQETREILHFHYTTWPDFGVPESPASFLNFLFKVRESGSLSPEHGPVVVHCSAGIGRSGTFCLADTCLLLMDKRKDPSSVDIKKVLLEMRKFRMGLIQTADQLRFSYLAVIEGAKFIMGDSSVQDQWKELSHEDL,c1ccc(cc1)CNc1cccc(C2SC(=C(OC[C-](=O)=O)C=2Br)[C-](=O)=O)c1
3uev,1.9,2011,5.89,Kd=1.29uM,55,LIVTQTMKGLDIQKVAGTWYSLAMAASDISLLDAQSAPLRVYVEELKPTPEGDLEILLQKWENGECAQKKIIAEKTKIPAVFKIDALNENKVLVLDTDYKKYLLFCMEN,CCCCCCCCCCCCC[C-](=O)=O
1r5y,1.2,2004,6.46,Ki=0.35uM,21,RPRFSFSIAAREGKARTGTIEMKRGVIRTPAFMPVGTAATVKALKPETVRATGADIILGNTYHLMLRPGAERIAKLGGLHSFMGWDRPILTDSGGYQVM,c1cc(cc2C(=O)NC(=Nc12)N)N
3utu,1.55,2012,10.92,Ki=0.012nM,34,VEGSDAEIGMSPWQVMLFRKSPQELLCGASLISDRWVLTAAHCLLYPPWDKNFTENDLLVRIGKHSRTRYERNIEKISMLEKIYIHPRYNWRENLDRDIALMKLKKPVAFSDYIHPVCLPDRETAASLLQAGYKGRVTGWGNLKE,c1cc(ccc1C#N)CNC(=O)CC(C(=O)N1CCCC1C(=O)NCc1ccc(cc1)[C+](=N)=N)NS(=O)(=O)c1ccc(OC)c(Cl)c1
1owh,1.61,2003,7.4,Ki=40nM,37,IIGGEFTTIENQPWFAAIYRRHRGGSVTYVCGGSLMSPCWVISATHCFIDYPKKEDYIVYLGRSRLNSNTQGEMKFEVENLILHKDYSADTLAHHNDIALLKIRSKEGRCAQPSRTIQTICLPSMYNDPQFGTSCEITGFGKEQSTDYLYPEQLKMTVVKLISHRECQQPHYYGSEVTTKMLCAADPQWKTDSCQGDSGGPLVCSLQGRMTLTGIVSWGRGCALKDKPGVYTRVSHFLPWIRSHT,c1cc(ccc1NC(=O)c1ccc2cc(ccc2c1)[C+](=N)=N)C[N+]
3oe4,1.49,2011,7.47,Ki=34nM,51,DTKEQRILRYVQQNAKPGDPQSVLEAIDTYCTQKEWAMNVGDAKGQIMDAVIREYSPSLVLELGAYCGYSAVRMARLLQPGARLLTMEINPDCAAITQQMLNFAGLQDKVTILNGASQDLIPQLKKKYDVDTLDMVFLDHWKDRYLPDTLLLEKCGLLRKGTVLLADNVIVPGTPDFLAYVRGSSSFECTHYSSYLEYMKVVDGLEKAIYQGP,Oc1cc(cc(C(=O)NCC=CC2OC(N3C=Nc4cncnc43)C(O)C2O)c1O)N(=O)=O
4crc,1.6,2015,8.72,Ki=0.0019uM,4,IVGGTASVRGEWPWQVTLHTTSPTQRHLCGGSIIGNQWILTAAHCFYGVESPKILRVYSGILNQAEIAEDTSFFGVQEIIIHDQYKMAESGYDIALLKLETTVNYADSQRPISLPSKGERNVIYTDCWVTGWGYRKLRDKIQNTLQKAKIPLVTNEECQKRYRGHKITHKMICAGYREGGKDACKGDSGGPLSCKHNEVWHLVGITSWGEGCAQRERPGVYTNVVEYVDWILEKTQA,C1=NN=NN1c1ccc(Cl)cc1C=CC(=O)NC(C(=O)Nc1ccc(C2N=NNN=2)cc1)Cc1ccccc1
2xb8,2.4,2010,7.59,Ki=26nM,53,LIVNVINGPNLGRLGRREPAVYGGTTHDELVALIEREAAELGLKAVVRQSDSEAQLLDWIHQAADAAEPVILNAGGLTHTSVALRDACAELSAPLIEVHISNVHAREEFRRHSYLSPIATGVIVGLGIQGYLLALRYLAEH,OC1C(=O)C(Cc2ccc(OC)cc2)C(O)([C-](=O)=O)CC1O
3rlr,1.7,2011,7.52,Ki=30nM,39,DQPMEEEEVETFAFQAEIAQLMSLIINTFYSNKEIFLRELISNSSDALDKIRYESLTDPSKLDSGKELHINLIPNKQDRTLTIVDTGIGMTKADLINNLGTIAKSGTKAFMEALQAGADISMIGQFGVGFYSAYLVAEKVTVITKHNDDEQYAWESSAGGSFTVRTDTGEPMGRGTKVILHLKEDQTEYLEERRIKEIVKKHSQFIGYPITLFVEKELE,c1c(Cl)c(OC)cc(-c2nc(nc3c2C(C#N)=C(N3)C)C)c1Cl
3udh,1.7,2012,2.85,Kd=1.4mM,19,FVEMVDNLRGKSGQGYYVEMTVGSPPQTLNILVDTGSSNFAVGAAPHPFLHRYYQRQLSSTYRDLRKGVYVPYTQGKWEGELGTDLVSIPHGPNVTVRANIAAITESDKFFINGSNWEGILGLAYAEIARPDDSLEPFFDSLVKQTHVPNLFSLQLCGA,c1ccc2c(c1)NC(=O)C21CC[N+]C1
4x6p,1.93,2015,8.3,Ki=5nM,4,IVGGTASVRGEWPWQVTLHTTSPTQRHLCGGSIIGNQWILTAAHCFYGVESPKILRVYSGILNQSEIKEDTSFFGVQEIIIHDQYKMAESGYDIALLKLETTVNYTDSQRPISLPSKGDRNVIYTDCWVTGWGYRKLRDKIQNTLQKAKIPLVTNEECQKRYRGHKITHKMICAGYREGGKDACKGDSGGPLSCKHNEVWHLVGITSWGEGCAQRERPGVYTNVVEYVDWILEKTQ,C1=NN=NN1c1ccc(Cl)cc1C=CC(=O)NC(C1=NC(=CN1)c1ccc2C(=NNc2c1)N)Cc1ccccc1
3arq,1.5,2011,6.4,Kd=0.4uM,14,APTAPSIDMYGSNNLQFSKIELAMETTSGYNDMVKYHELAKIKVKFNQWSGTSGDTYNVYFDGVKVATGAITGSQTTASFEYGQGGLYQMEIEACDATGCSKSAPVEITIADTDGSHLKPLTMNVDPNNKSYNTDPSIVMGTYFVEWGIYGRDYTVDNMPVDNLTHILYGFIPICGPNESVKSVGGNSFNALQTACRGVNDYEVVIHDPWAAYQKSFPQAGHEYSTPIKGNYAMLMALKQRNPDLKIIPSIGGWTLSDPFYDFVDKKNRDTFVASVKKFLKTWKFYDGVDIDWEFPGGGGAAADKGDPVNDGPAYIALMRELRVMLDELEAETGRTYELTSAIGVGYDKIEDVDYADAVQYMDYIFAMTYDFYGGWNNVPGHQTALYCGSFMRPGQCDGGGVDENGEPYKGPAYTADNGIQLLLAQGVPANKLVLGTAMYGRGWEGVTPDTLTDPNDPMTGTATGKLKGSTAQGVWEDGVIDYKGIKSFMLGANNTGINGFEYGYDAQAEAPWVWNRSTGELITFDDHRSVLAKGNYAKSLGLAGLFSWEIDADNGDILNAMHEGMAGGVVTPPN,OC1C2C(=O)c3ccccc3C(=O)C=2C(=O)C2=C1CC(O)(C(=O)C)CC2OC1OC(C)C(O)C(C1)[N+]
3uew,2.0,2011,6.31,Kd=0.49uM,55,IVTQTMKGLDIQKVAGTWYSLAMAASDISLLDAQSAPLRVYVEELKPTPEGDLEILLQKWENGECAQKKIIAEKTKIPAVFKIDALNENKVLVLDTDYKKYLLFCMEN,CCCCCCCCCCCCCCC[C-](=O)=O
2pog,1.84,2007,9.54,Ki=0.29nM,44,LALSLTADQMVSALLDAEPPILYSEY,Oc1ccc(cc1)C1Oc2cccc(O)c2C2CCCC12
2wn9,1.75,2009,8.52,Kd=3.0nM,50,LHSQANLMRLKSDLFNRSPMYPGPTKDDPLTVTLGFTLQDIVKADSSTNEVDLVYYEQQRWKLNSLMWDPNEYGNITDFRTSAADIWTPDITAYSSTRPVQVLSPQIAVVTHDGSVMFIPAQRLSFMCDPTGVDSEEGATCAVKFGSWVYSGFEIDLKTDTDQVDLSSYYASSKYEILSATQTRQVQHYSCCPEPYIDVNLVVKFRERR,Oc1ccc(C=C2C(=NCCC2)c2cnccc2)c(OC)c1
3ge7,1.5,2009,8.7,Ki=2nM,21,RPRFSFSIAAREGKARTGTIEMKRGVIRTPAFMPVGTAATVKALKPETVRATGADIILGNTYHLMLRPGAERIAKLGGLHSFMGWDRPILTDSGGYQVM,c1c2C(=O)n[c+](=N)n-c2c(c2N=C(Nc12)NC)CC[N+]CC1CCCC1
1ydt,2.3,1997,7.32,Ki=48nM,26,VKEFLAKAKEDFLKKWENPAQNTAHLDQFERIKTLGTGSFGRVMLVKHMETGNHYAMKILDKQKVVKLKQIEHTLNEKRILQAVNFPFLVKLEFSFKDNSNLYMVMEYVAGGEMFSHLRRIGRFSEPHARFYAAQIVLTFEYLHSLDLIYRDLKPENLLIDQQGYIQVTDFGFAKRVKGRTW,C(=CC[N+]CCNS(=O)(=O)c1cccc2cnccc12)c1ccc(Br)cc1
3ryj,1.39,2011,7.8,Kd=16nM,38,HWGYGKHNGPEHWHKDFPIAKGERQSPVDIDTHTAKYDPSLKPLSVSYDQATSLRILNNGHAFNVEFDDSQDKAVLKGGPLDGTYRLIQFHFHWGSLDGQGSEHTVDKKKYAAELHLVHWNTKYGDFGKAVQQPDGLAVLGIFLKVGSAKPGLQKVVDVLDSIKTKGKSADFTNFDPRGLLPESLDYWTYPGSLTTPPLLECVTWIVLKEPISVSSEQVLKFRKLNFNGEGEPEELMVDNWRPAQPLKNRQIKASFK,c1cc(ccc1C(=O)NCC(F)(F)F)S(=O)(=O)N
4de2,1.4,2012,4.12,Ki=76.0uM,42,AVQQKLAALEKSSGGRLGVALIDTADNTQVLYRGDERFPMCSTSKVMAAAAVLKQSETQKQLLNQPVEIKPADLVNYNPIAEKHVNGTMTLAELSAAALQYSDNTAMNKLIAQLGGPGGVTAFARAIGDETFRLDRTEPTLNTAIPGDPRDTTTPRAMAQTLRQLTLGHALGETQRAQLVTWLKGNTTGAASIRAGLPTSWTAGDKTGSGDYGTTNDIAVIWPQGRAPLVLVTYFTQPQQNAESRRDVLASAARIIAEGL,c1cc(C2N=NNN=2)cc(c1)NC(=O)c1cccc(c1)C[N+](C)C
1ydr,2.2,1997,5.52,Ki=3.0uM,26,VKEFLAKAKEDFLKKWENPAQNTAHLDQFERIKTLGTGSFGRVMLVKHMETGNHYAMKILDKQKVVKLKQIEHTLNEKRILQAVNFPFLVKLEFSFKDNSNLYMVMEYVAGGEMFSHLRRIGRFSEPHARFYAAQIVLTFEYLHSLDLIYRDLKPENLLIDQQGYIQVTDFGFAKRVKGRTW,c1ncc2cccc(c2c1)S(=O)(=O)N1CC[N+]CC1C
4ivb,1.9,2013,8.72,Ki=1.9nM,30,GDIVSEKKPATEVDPTHFEKRFLKRIRDLGEGHFGKVELCRYDPEGDNTGEQVAVKSLKP,OC(C1=Nc2cnc3c(C=CN3)c2N1C1CCC(C#N)CC1)C
2vkm,2.05,2008,8.74,Ki=1.8nM,19,GSFVEMVDNLRGKSGQGYYVEMTVGSPPQTLNILVDTGSSNFAVGAAPHPFLHRYYQRQLSSTYRDLRKGVYVPYTQGKWEGELGTDLVSIPHGPNVTVRANIAAITESDKFFINGSNWEGILGLAYAEIARPDDSLEPFFDSLVKQTHVPNLFSLQLCGAGFPLNQSEVLASVGGSMIIGGIDHSLYTGSLWYTPIRREWYYEVIIVRVEINGQDLKMDCKEYNYDKSIVDSGTTNLRLPKKVFEAAVKSIKAASSTEKFPDGFWLGEQLVCWQAGTTPWNIFPVISLYLMGEVTNQSFRITILPQQYLRPVEDVATSQDDCYKFAISQSSTGTVMGAVIMEGFYVVFDRARKRIGFAVSACHVHDEFRTAAVEGPFVTLDMEDCGYN,OC(C(NC(=O)c1cc(C(=O)NC(c2ccccc2)C)cc(c1)N(C)S(=O)(=O)C)Cc1ccccc1)C[N+]Cc1cccc(OC)c1
2zy1,1.78,2009,7.4,Ki=0.04uM,33,MTMMDMNFKYCHKIMKKHSKSFSYAFDLLPEDQRKAVWAIYAVCRKIDDSI,c1ccc(Oc2cccc(c2)CCCNC(=O)CP(=O)(=O)=O)cc1
4eo8,1.8,2012,8.15,Kd=7nM,15,HHSYTWTGALITPCAAEESKLPINALSNSLLRHHNMVYATTSRSAGLRQKKVTFDRLQVLDDHYRDVLKEMKAKASTVKAKLLSVEEACKLTPPHSAKSKFGYGAKDVRNLSSKAVNHIHSVWKDLLEDTVTPIDTTIMAKNEVFCVQ,C1=C(C#CC(C)(C)C)SC(=C1N(C(=O)C1CCC(C)CC1)[N+](C)C)[C-](=O)=O
1nvq,2.0,2003,8.25,Ki=5.6nM,32,VPFVEDWDLVQTLGEGAYGEVQLAVNRVTEEAVAVKIVDMK,OC1c2c(C(=O)N1)c1-c3ccccc3N3c1c1c2-c2ccccc2N1C1(OC3CC(C1OC)[N+]C)C
1h22,2.15,2002,9.1,Ki=0.8nM,16,SELLVNTKSGKVMGTRVPVLSSHISAFLGIPFAEPPVGNMRFRRPEPKKPWSGVWNASTYPNNCQQYVDEQFPGFSGSEMWNPNREMSEDCLYLNIWVPSPRPKSTTVMVWIYGGGFYSGSSTLDVYNGKYLAYTEEVVLVSLSYRVGAFGFLALHGSQEAPGNVGLLDQRMALQWVHDNIQFFGGDPKTVTIFGESAGGASVGMHILSPGSRDLFRRAILQSGSPNCPWASVSVAEGRRRAVELGRNLNCNLNSDEELIHCLREKKPQELIDVEWNVLPFDSIFRFSFVPVIDGEFFPTSLESMLNSGNFKKTQILLGVNKDEGSFFLLYGAPGFSKDSESKISREDFMSGVKLSVPHANDLGLDAVTLQYTDWMDDNNGIKNRDGLDDIVGDHNVICPLMHFVNKYTKFGNGTYLYFFNHRASNLVWPEWMGVIHGYEIEFVFGLPLVKELNYTAEEEALSRRIMHYWATFAKTGNPNEP,C1C(=O)NC2=C(C=1)C(CCC2)[N+]CCCCCCCCCC[N+]C1C2C=CC(=O)NC=2CCC1
4u4s,1.9,2014,2.92,Kd=1200uM,41,KTVVVTTILESPYVMMKKNHEMLEGNERYEGYCVDLAAEIAKHCGFKYKLTIVGDGKYGARDADTKIWNGMVGELVYGKADIAIAPLTITYVREEVIDFSKPFMSLGISIMIKKGTPIESAEDLSKQTEIAYGTLDSGSTKEFFRRSKIAVFDKMWTYMRSAEPSVFVRTTAEGVARVRKSKGKYAYLLESTMNEYIEQRKPCDTMKVGGNLDSKGYGIATPKGSSLGNAVNLAVLKLSEQGLLDKLKNKWWYD,c1ncc2c(c1)N(CNS2(=O)=O)CC
3b1m,1.6,2011,8.48,Ki=3.3nM,35,PESADLRALAKHLYDSYIKSFPLTKAKARAILTGKTTDKSPFVIYDMNSLMMGEDKI,OC1C=C2Oc3c(C(=O)NCc4c(ccc5ccccc45)CC)c(OC)cc(O)c3C2(C(=O)C=1C(=O)C)C
2yfe,2.0,2012,6.63,Ki=0.236uM,35,DQLNPESADLRALAKHLYDSYIKSFPLTKAKARAILTGKTTDKSPFVIYDMNSLMMGEDKI,Oc1c(c(cc(OC)c1CC=C(C)C)CCc1ccccc1)[C-](=O)=O
3d4z,1.39,2008,4.89,Ki=13uM,11,QCQDVVQDVPNVDVQMLELYDRMSFKDIDGGVWKQGWNIKYDPLKYNAHHKLKVFVVPHSHNDPGWIQTFEEYYQHDTKHILSNALRHLHDNPEMKFIWAEISYFARFYHDLGENKKLQMKSIVKNGQLEFVTGGWVMPDEANSHWRNVLLQLTEGQTWLKQFMNVTPTASWAIDPFGHSPTMPYILQKSGFKNMLIQRTHYSVKKELAQQRQLEFLWRQIWDNKGDTALFTHMMPFYSYDIPHTCGPDPKVCCQFDFKRMGSFGLSCPWKVPPRTISDQNVAARSDLLVDQWKKKAELYRTNVLLIPLGDDFRFKQNTEWDVQRVNYERLFEHINSQAHFNVQAQFGTLQEYFDAVHQAERAGQAEFPTLSGDFFTYADRSDNYWSGYYTSRPYHKRMDRVLMHYVRAAEMLSAWHSWDGMARIEERLEQARRELSLFQHHDGITGTAKTHVVVDYEQRMQEALKACQMVMQQSVYRLLTKPSIYSPDFSFSYFTLDDSRWPGSGVEDSRTTIILGEDILPSKHVVMHNTLPHWREQLVDFYVSSPFVSVTDLANNPVEAQVSPVWSWHHDTLTKTIHPQGSTTKYRIIFKARVPPMGLATYVLTISDSKPEHTSYASNLLLRKNPTSLPLGQYPEDVKFGDPREISLRVGNGPTLAFSEQGLLKSIQLTQDSPHVPVHFKFLKYGVRSHGDRSGAYLFLPNGPASPVELGQPVVLVTKGKLESSVSVGLPSVVHQTIMRGGAPEIRNLVDIGSLDNTEIVMRLETHIDSGDIFYTDLNGLQFIKRRRLDKLPLQANYYPIPSGMFIEDANTRLTLLTGQPLGGSSLASGELEIMQDRRLASDDERGLGQGVLDNKPVLHIYRLVLEKVNNCVRPSKLHPAGYLTSAAHKASQSLLDPLDKFIFAENEWIGAQGQFGGDHPSAREDLDVSVMRRLTKSSAKTQRVGYVLHRTNLMQCGTPEEHTQKLDVCHLLPNVARCERTTLTFLQNLEHLDGMVAPEVCPMETAAYVSSHSS,OCC1N2C(=NC=C2)C(O)C(O)C1O
4w9i,2.4,2014,5.96,Kd=1.10uM,54,MDVFLMIRRHKTTIFTDAKESSTVFELKRIVEGILKRPPDEQRLYKDDQLLDDGKTLGE,OC1CN(C(=O)C2N(C(=O)C)CC(O)C2)C(C(=O)NCc2ccc(C3SC=NC=3C)cc2)C1
3uex,2.1,2011,6.92,Kd=0.12uM,55,LIVTQTMKGLDIQKVAGTWYSLAMAASDISLLDAQSAPLRVYVEELKPTPEGDLEILLQKWENGECAQKKIIAEKTKIPAVFKIDALNENKVLVLDTDYKKYLLFCMEN,CCCCCCCCCCCCCCCCC[C-](=O)=O
3myg,2.4,2010,10.7,Kd=0.02nM,36,RQWALEDFEIGRPLGKGKFGNVYLAREKQSKFILALKVLFKAQLEKAGVEHQLRREVEIQSHLRHPNILRLYGYFHDATRVYLILEYAPLGTVYRELQKLSKFDEQRTATYITELANALSYCHSKRVIHRDIKPENLLLGSAGELKIADFGWSVH,OCC(C)(C)[N+](CC1=NSC(=C1)NC1=NC(=CN2C1=NC=C2C1C=NNC=1)C)CC
3gy4,1.55,2010,5.1,Kd=8uM,47,IVGGYTCGANTVPYQVSLNSGYHFCGGSLINSQWVVSAAHCYKSGIQVRLGEDNINVVEGNEQFISASKSIVHPSYNSNTLNNDIMLIKLKSAASLNSRVASISLPTSCASAGTQCLISGWGNTKSSGTSYPDVLKCLKAPILSDSSCKSAYPGQITSNMFCAGYLEGGKDSCQGDSGGPVVCSGKLQGIVSWGSGCAQKNKPGVYTKVCNYVSWIKQTIASN,c1cc(ccc1[C+](=N)=N)N
2xii,1.8,2010,7.2,Kd=63.3nM,20,EIPLKYGATNEGKRQDPAMQKFRDNRLGAFIHWGLYAIPGGEWNGKVYGGAAEWLKSWAKVPADEWLKLMDQWNPTKFDAKKWAKMAKEMGTKYVKITTKHHEGFCLWPSKYTKYTVANTPYKRDILGELVKAYNDEGIDVHFYFSVMDWSNPDYRYDIKSKEDSIAFSRFLEFTDNQLKELATRYPTVKDFWFDGTWDASVKKNGWWTAHAEQMLKELVPGVAINSRLRADDKGKRHFDSNGRLMGDYESGYERRLPDPVKDLKVTQWDWEACMTIPENQWGYHKDWSLSYVKTPIEVIDRIVHAVSMGGNMVVNFGPQADGDFRPEEKAMATAIGKWMNRYGKAVYACDYAGFEKQDWGYYTRGKNDEVYMVVFNQPYSERLIVKTPKGITVEKATLLTTGEDITVVETTRNEYNVSVPKKNPGEPYVIQLKVRAA,OC1C(O)C(C)[N+]C(CNC(=O)c2cccc3c2C(=O)c2ccccc2-3)C1O
3g31,1.7,2009,2.89,Ki=1.3mM,42,TSAVQQKLAALEKSSGGRLGVALIDTADNTQVLYRGDERFPMCSTSKVMAAAAVLKQSETQKQLLNQPVEIKPADLVNYNPIAEKHVNGTMTLAELSAAALQYSDNTAMNKLIAQLGGPGGVTAFARAIGDETFRLDRTEPTLNTAIPGDPRDTTTPRAMAQTLRQLTLGHALGETQRAQLVTWLKGNTTGAASIRAGLPTSWTAGDKTGSGDYGTTNDIAVIWPQGRAPLVLVTYFTQPQQNAESRRDVLASAARIIAEGL,CC([C-](=O)=O)N1C(=O)C2C(C1=O)C1CCC2C1
4cig,1.7,2014,3.67,Kd=214uM,52,SPGIWQLDCTHLEGKVILVAVHVASGYIEAEVIPAETGQETAYFLLKLAGRWPVKTVHTDNGSNFTSTTVKAACWWAGIKQEDGIPYNPQSQGVIESMNKELKKIIGQVRDQAEHLKTAVQMAVFIHNHKR,c1cc(OC)c(c(c1)C[N+](C)Cc1c(C(=O)NCc2ccc(OC)cc2)cc2ccccc2c1)[C-](=O)=O
2c3i,1.9,2005,7.6,Kd=25nM,6,QYQVGPLLGSGGFGSVYSGIRVSDNLPVAIKHVEKDRISDWGE,C1N=C2C=CC(=NN2C=1c1cccc(C(=O)C)c1)NCC1CC1
2ymd,1.96,2012,3.16,Kd=693uM,50,QANLMRLKSDLFNRSPMYPGPTKDDPLTVTLGFTLQDIVKVDSSTNEVDLVYWEQQRWKLNSLMWDPNEYGNITDFRTSAADIWTPDITAYESTRPVQVLSPQIAVVTHDGSVMFIPAQRLSFMCDPTGVDSEEGVTCALTFGSWVYSGFEIDLKTDTDQVDLSSYYASSKYEILSATQTRQVQHYSCCPEPYIDVNLVVKFRERRAGNGFF,Oc1ccc2c(C(=CN2)CC[N+])c1
2cet,1.97,2006,8.02,Kd=9.6nM,18,VKKFPEGFLWGVATASYQIEGSPLADGAGMSIWHTFSHTPGNVKNGDTGDVACDHYNRWKEDIEIIEKLGVKAYRFSISWPRILPEGTGRVNQKGLDFYNRIIDTLLEKGITPFVTIYHWDLPFALQLKGGWANREIADWFAEYSRVLFENFGDRVKNWITLNEPWVVAIVGHLYGVHAPGMRDIYVAFRAVHNLLRAHARAVKVFRETVKDGKIGIVFNNGYFEPASE,OCC1N2C(=NC(=C2)CCc2ccccc2)C(O)C(O)C1O
2br1,2.0,2005,5.14,Ki=7.2uM,32,AVPFVEDWDLVQTLGEGAYGEVQLAVNRVTEEAVAVKIVDMKR,OCCNc1ncnc2OC(=C(c21)c1ccc(OC)cc1)c1ccc(OC)cc1
1g2k,1.95,2001,7.96,Ki=11nM,9,PQITLWQRPLVTIKIGGQLKEALLDTGADDTVLEEMSLPGRWKPKMIGGIGGFIKVRQYDQILIEICGHKAIGTVLVGPTPVNIIGRNLLTQIGCTLNF,OC1C(O)C(N(Cc2cccc(C(=O)NC)c2)S(=O)(=O)N(Cc2ccccc2)C1COc1ccccc1)COc1ccccc1
5a7b,1.4,2015,3.57,Kd=271uM,5,SVPSQKTYQGSYGFRLGFLHSGTAKSVTCTYSPALNKLFCQLAKTCPVQLWVDSTPPPGTRVRAMAIYKQSQHMTEVVRRCPHHERCSDSDGLAPPQHLIRVEGNLRAEYLDDRNTFRHSVVVPCEPPEVGSDCTTIHYNYMCYSSCMGGMNRRPILTIITLEDSSGNLLGRDSFEVRVCACPGRDRRTEEENLRK,C#Cc1cc(C#CCOc2ccccc2)cc(c1O)C[N+]1CCC(CC1)[N+](CC)CC
4eky,2.45,2012,3.52,Ki=303.0uM,12,QISVRGLAGVENVTELKKNFNRHLHFTLVKDRNVATPRDYYFALAHTVRDHLVGRWIRTQQHYYEKDPKRIYYLSLEFYMGRTLQNTMVNLALENACDEATYQLGLDMEELEEIEEDAGLGNGGLGRLAACFLDSMATLGLAAYGYGIRYEFGIFNQKICGGWQMEEADDWLRYGNPWEKARPEFTLPVHFYGRVEHTSQGAKWVDTQVVLAMPYDTPVPGYRNNVVNTMRLWSAKAPNDFNL,OCC1OC(N2C(=O)NC(=O)C(=C=CC=CC)C2)C(O)C(O)C1O
1yc1,1.7,2005,6.17,Kd=680nM,39,EEVETFAFQAEIAQLMSLIINTFYSNKEIFLRELISNSSDALDKIRYETLTDPSKLDSGKELHINLIPNKQDRTLTIVDTGIGMTKADLINNLGTIAKSGTKAFMEALQAGADISMIGQFGVGFYSAYLVAEKVTVITKHNDDEQYAWESSAGGSFTVRTDTGEPMGRGTKVILHLKEDQTEYLEERRIKEIVKKHSQFIGYPITLFVEK,Oc1cc(O)c(cc1C1=NNC(=C1c1ccc2OCOc2c1)[C-](=O)=O)CC
1eby,2.29,2002,9.7,Ki=0.20nM,9,PQITLWQRPLVTIKIGGQLKEALLDTGADDTVLEEMNLPGRWKPKMIGGIGGFIKVRQYDQILIEICGHKAIGTVLVGPTPVNIIGRNLLTQIGCTLNF,OC1Cc2ccccc2C1NC(=O)C(OCc1ccccc1)C(O)C(O)C(OCc1ccccc1)C(=O)NC1c2ccccc2CC1O
3pyy,1.85,2011,6.86,Kd=137nM,7,YDKWEMERTDITMKHKLGGGQYGEVYEGVWKKYSLTVAVKTLK,C1=C(C(=NN1c1ccccc1)c1ccc(F)cc1)C1C(=O)NC(=O)N1
5aba,1.62,2015,2.98,Kd=1040uM,5,SVPSQKTYQGSYGFRLGFLHSGTAKSVTCTYSPALNKLFCQLAKTCPVQLWVDSTPPPGTRVRAMAIYKQSQHMTEVVRRCPHHERCSDSDGLAPPQHLIRVEGNLRAEYLDDRNTFRHSVVVPCEPPEVGSDCTTIHYNYMCYSSCMGGMNRRPILTIITLEDSSGNLLGRDSFEVRVCACPGRDRRTEEENLR,Oc1c(Br)cc(Cl)cc1C[N+]1CCC(CC1)[N+]1CCC(O)CC1
5tmn,1.6,1989,8.04,Ki=9.1nM,27,ITGTSTVGVGRGVLGDQKNINTTYSTYYYLQDNTRGDGIFTYDAKYRTTLPGSLWADADNQFFASYDAPAVDAHYYAGVTYDYYKNVHNRLSYDGNNAAIRSSVHYSQGYNNAFWNGSEMVYGDGDGQTFIPLSGGIDVVAHELTHAVTDYTAGLIYQNESGAINEAISDIFGTLVEFYANKNPDWEIGEDVYTPGISGDSLRSMSDPAKYGDPDHYSKRYTGTQDNGGVHINSGIINKAAYLISQGGTHYGVSVVGIGRDKLGKIFYRALTQYLTPTSNFSQLRAAAVQSATDLYGSTSQEVASVKQAFDAVGVK,c1ccc(cc1)COC(=O)NCP(=O)(=O)NC(C(=O)NC([C-](=O)=O)CC(C)C)CC(C)C
3fv1,1.5,2010,9.3,Ki=0.5nM,43,ANRTLIVTTILEEPYVMYRKSDKPLYGNDRFEGYCLDLLKELSNILGFIYDVKLVPDGKYGAQNDKGEWNGMVKELIDHRADLAVAPLTITYVREKVIDFSKPFMTLGISILYRKGTPIDSADDLAKQTKIEYGAVRDGSTMTFFKKSKISTYEKMWAFMSSRQQTALVRNSDEGIQRVLTTDYALLMESTSIEYVTQRNCNLTQIGGLIDSKGYGVGTPIGSPYRDKITIAILQLQEEGKLHMMKEKWWRGNGCP,OC1COC2CC(OC2C1[N+]C)([C-](=O)=O)CC([C-](=O)=O)[N+]
3rsx,2.48,2011,4.41,Kd=38.8uM,19,FVEMVDNLRGKSGQGYYVEMTVGSPPQTLNILVDTGSSNFAVGAAPHPFLHRYYQRQLSSTYRDLRKGVYVPYTQGKWEGELGTDLVSIPHGPNVTVRANIAAITESDKFFINGSNWEGILGLAYAEIARPDDSLEPFFDSLVKQTHVPNLFSLQLCGA,C1SC=C(C=1)c1ccc2nc(ccc2c1)N
3g2z,1.5,2009,2.36,Ki=4.4mM,42,TSAVQQKLAALEKSSGGRLGVALIDTADNTQVLYRGDERFPMCSTSKVMAAAAVLKQSETQKQLLNQPVEIKPADLVNYNPIAEKHVNGTMTLAELSAAALQYSDNTAMNKLIAQLGGPGGVTAFARAIGDETFRLDRTEPTLNTAIPGDPRDTTTPRAMAQTLRQLTLGHALGETQRAQLVTWLKGNTTGAASIRAGLPTSWTAGDKTGSGDYGTTNDIAVIWPQGRAPLVLVTYFTQPQQNAESRRDVLASAARIIAEGL,C1C(=O)CCCC=1NC1=NN=NN1
3lka,1.8,2010,2.82,Kd=1.5mM,56,GPVWRKHYITYRINNYTPDMNREDVDYAIRKAFQVWSNVTPLKFSKINTGMADILVVFARGAHGDDHAFDGKGGILAHAFGPGSGIGGDAHFDEDEFWTTHSGGTNLFLTAVHEIGHSLGLGHSSDPKAVMFPTYKYVDINTFRLSADDIRGIQSLYG,c1cc(ccc1OC)S(=O)(=O)N
1o3f,1.55,2003,7.96,Ki=0.011uM,47,IVGGYTCGANTVPYQVSLNSGYHFCGGSLINSQWVVSAAHCYKSGIQVRLGEDNINVVEGNEQFISASKSIVHPSYNSNTLNNDIMLIKLKSAASLNSRVASISLPTSCASAGTQCLISGWGNTKSSGTSYPDVLKCLKAPILSDSSCKSAYPGQITSNMFCAGYLEGGKDSCQGDSGGPVVCSGKLQGIVSWGSGCAQKNKPGVYTKVCNYVSWIKQTIASN,Oc1c(C2=Cc3cc(ccc3N2)[C+](=N)=N)cccc1-c1ccccc1
4gkm,1.67,2013,5.17,Ki=6.8uM,23,PSWPQILGRLTDNRDLARGQAAWAMDQIMTGNARPAQIAAFAVAMTMKAPTADEVGELAGVMLSHAHPLPADTVPDDAVDVVGTGGDGVNTVNLSTMAAIVVAAAGVPVVKHGNRAASSLSGGADTLEALGVRIDLGPDLVARSLAEVGIGFCFAPRFHPSYRHAAAVRREIGVPTVFNLLGPLTNPARPRAGLIGCAFADLAEVMAGVFAARRSSVLVVHGDDGLDELTTTTTSTIWRVAAGSVDKLTFDPAGFGFARAQLDQLAGGDAQANAAAVRAVLGGARGPVRDAVVLNAAGAIVAHAGLSSRAEWLPAWEEGLRRASAAIDTGAAEQLLARWVRFGRQI,c1ccc(c(c1)[C-](=O)=O)Nc1ccc(cc1[C-](=O)=O)C
1pxn,2.5,2004,7.15,Ki=0.07uM,29,MENFQKVEKIGEGTYGVVYKARNKLTGEVVALKKIR,Oc1ccc(cc1)Nc1nccc(n1)C1SC(=NC=1C)NC
2weg,1.1,2009,6.5,Kd=314nM,38,HHWGYGKHNGPEHWHKDFPIAKGERQSPVDIDTHTAKYDPSLKPLSVSYDQATSLRILNNGHAFNVEFDDSQDKAVLKGGPLDGTYRLIQFHFHWGSLDGQGSEHTVDKKKYAAELHLVHWNTKYGDFGKAVQQPDGLAVLGIFLKVGSAKPGLQKVVDVLDSIKTKGKSADFTNFDPRGLLPESLDYWTYPGSLTTPPLLECVTWIVLKEPISVSSEQVLKFRKLNFNGEGEPEELMVDNWRPAQPLKNRQIKASFK,c1ccc(c(F)c1)S(=O)(=O)N
2yki,1.67,2011,9.46,Kd=0.35nM,39,METFAFQAEIAQLMSLIINTFYSNKEIFLRELISNSSDALDKIRYESLTDPSKLDSGKELHINLIPNKQDRTLTIVDTGIGMTKADLINNLGTIAKSGTKAFMEALQAGADISMIGQFGVGFYSAYLVAEKVTVITKHNDDEQYAWESSAGGSFTVRTDTGEPMGRGTKVILHLKEDQTEYLEERRIKEIVKKHSQFIGYPITLFVE,C1=CNc2nccc(C(=O)NC3c4ccccc4-c4c(C5=Nc6ccncc6N5)cccc43)c21
3u5j,1.6,2011,5.61,Kd=2.46uM,10,SMNPPPPETSNPNKPKRQTNQLQYLLRVVLKTLWKHQFAWPFQQPVDAVKLNLPDYYKIIKTPMDMGTIKKRLENNYYWNAQECIQDFNTMFTNCYIYNKPGDDIVLMAEALEKLFLQKINELPTEE,c1ccc(C2=NCC3=NN=C(N3c3ccc(Cl)cc32)C)cc1
4qd6,2.45,2015,8.64,Ki=2.3nM,3,GSVIDPSELTFVQEIGSGQFGLVHLGYWLNKDKVAIKTI,OC1CCC(Nc2nc(cc(c2)S(=O)(=O)c2ccccc2)NC2=NNC(=C2)c2ccccc2)CC1
1oyt,1.67,2003,7.24,Ki=0.057uM,34,IVEGSDAEIGMSPWQVMLFRKSPQELLCGASLISDRWVLTAAHCLLYPPWDKNFTENDLLVRIGKHSRTRYERNIEKISMLEKIYIHPRYNWRENLDRDIALMKLKKPVAFSDYIHPVCLPDRETAASLLQAGYKGRVTGWGNLKET,c1cc(ccc1F)CN1C(=O)C2C(C1=O)C1CCC[N+]1C2c1ccc(cc1)[C+](=N)=N
3k5v,1.74,2010,6.3,Kd=0.5uM,7,AMDPSSPNYDKWEMERTDITMKHKLGGGQYGEVYEGVWKKYSLTVAVKTLKED,c1nc(cc(n1)Nc1ccc(OC(F)(F)F)cc1)-c1cccc(C(=O)N)c1
3d6q,1.6,2009,3.76,Ki=172uM,57,KETAAAKFERQHMDSSTSAASSSNYCNQMMKSRNLTKDRCKPVNTFVHESLADVQAVCSQKNVACKNGQTNCYQSYSTMSITDCRETGSSKYPNCAYKTTQANKHIIVACEGNPYVPVHFDASV,OC1C(OC(C1O)C[N+]1CCCCC1)N1C(=O)NC(=O)C=C1
1q8t,2.0,2003,4.76,Kd=17.5uM,26,EQESVKEFLAKAKEDFLKKWENPAQNTAHLDQFERIKTLGTGSFGRVMLVKHMETGNHYAMKILDKQKVVKLKQIEHTLNEKRILQAVNFPFLVKLEFSFKDNSNLYMVMEYVPGGEMFSHLRRIGRFSEPHARFYAAQIVLTFEYLHSLDLIYRDLKPENLLIDQQGYIQVTDFGFAKRVKGRTW,c1nccc(c1)NC(=O)C1CCC(CC1)C(C)[N+]
1q8u,1.9,2003,5.96,Kd=1.1uM,26,KKG,c1ncc2cccc(c2c1C)S(=O)(=O)N1CCC[N+]CC1C
2j78,1.65,2006,6.42,Kd=384nM,18,VKKFPEGFLWGVATASYQIEGSPLADGAGMSIWHTFSHTPGNVKNGDTGDVACDHYNRWKEDIEIIEKLGVKAYRFSISWPRILPEGTGRVNQKGLDFYNRIIDTLLEKGITPFVTIYHWDLPFALQLKGGWANREIADWFAEYSRVLFENFGDRVKNWITLNEPWVVAIVGHLYGVHAPGMRDIYVAFRAVHNLLRAHARAVKVFRETVKDGKIGIVFNNGYFEPASEKEEDIRAVRFMHQFNNYPLFLNPIYRGDYPELVLEFAREYLPENYKDDMSEIQEKIDFVGLNYYSGHLVKFDPDA,ON=C1NC(CO)C(O)C(O)C1O
4gfm,2.3,2013,7.22,Ki=0.06uM,31,DPTQFEERHLKFLQQLGKGNFGSVEMCRYDPLQDNTGEVVAVKKLQHSTEEHLRDFEREIEILKSLQHDNIVKYKGVCYSAGRRNLKLIMEYLPYGSLRDYLQKHKERIDHIKLLQYTSQICKGMEYLGTKRYIHRDLATRNILVENENRVKIGDFGLTKVLPQDKE,C1=NC(=O)CC(=C1)NC(=O)c1c(Cl)cccc1Cl
1y6r,2.2,2005,10.11,Ki=77pM,46,FSMKIGIIGAMEEEVTLLRDKIENRQTISLGGCEIYTGQLNGTEVALLKSGIGKVAAALGATLLLEHCKPDVIINTGSAGGLAPTLKVGDIVVSDEARYHDADVTAFGYEYGQLPGCPAGFKADDKLIAAAEACIAELNLNAVRGLIVSGDAFINGSVGLAKIRHNFPQAIAVEMEATAIAHVCHNFNVPFVVVRAISDVADQQSHLSFDEFLAVAAKQSSLMVESLVQKLAHG,OC1C(O)C(CSC)[N+]C1C1=CNc2c1ncnc2N
4f9w,2.0,2013,6.94,Ki=114nM,22,RPTFYRQELNKTIWEVPERYQNLSPVGSGAYGSVCAAFDTKTGLRVAVKKLSRPFQSIIHAKRTYRELRLLKHMKHENVIGLLDVFTPARSLEEFNDVYLVTHLMGADLNNIVKCQKLTDDHVQFLIYQILRGLKYIHSADIIHRDLKPSNLAVNEDCELKILDFGL,c1nccc(c1)-c1c(nnc(c1)N(C)C)-c1ccc2ccccc2c1
3uo4,2.45,2012,6.52,Kd=299nM,36,KKRQWALEDFEIGRPLGKGKFGNVYLAREKQSKFILALKVLFKAQLEKAGVEHQLRREVEIQSHLRHPNILRLYGYFHDATRVYLILEYAPLGTVYRELQKLSKFDEQRTATYITELANALSYCHSKRVIHRDIKPENLLLGSAGELKIADFGWSVHAPSSRRDTLCGTLDYLPPEMIEGRMHDEKVDLWSLGVLCYEFLVGKPPFEANTYQETYKRISRVEFTFPDFVTEGARDLISRLLKHNPSQRPMLREVLEHPWITANSSK,c1nc(nc(c1)Nc1ccccc1-c1ccccc1)Nc1ccc(cc1)[C-](=O)=O
3zdg,2.48,2013,7.1,Ki=79nM,8,LDRADILYNIRQTSRPDVIPTQRDRPVAVSVSLKFINILEVNEITNEVDVVFWQQTTWSDRTLAWNSSHSPDQVSVPISSLWVPDLAAYNAISKPEVLTPQLARVVSDGEVLYMPSIRQRFSCDVSGVDTESGATCRIKIGSWTHHSREISVDPT,CN(C(=O)OCCC(C)[N+](C)C)C
4llx,1.75,2014,2.89,Ki=1300uM,1,AGTSICTSEEWQGLMQFTLPVRLCKEIELFHFDIGPFENMWPGIFVYMVHRSCGTSCFELEKLCRFIMSVKKNYRRVPYHNWKHAVTVAHCMYAILQNNHTLFTDLERKGLLIACLCHDLDHRGFSNSYLQKFDHPLAALYSTSTMEQHHFSQTVSILQLEGHNIFSTLSSSEYEQVLEIIRKAIIATDLALYFGNRKQLEEMYQTGSLNLNNQSHRDRVIGLMMTACDLCSVTKLWPVTKLTANDIYAEFWAEGDEMKKLGIQPIPMMDRDKKDEVPQGQLGFYNAVAIPCYTTLTQILPPTEPLLKACRDNLSQWEKVIRGEETATWI,c1c(nc(nc1C)N)C
4w9h,2.1,2014,6.73,Kd=0.185uM,54,MDVFLMIRRHKTTIFTDAKESSTVFELKRIVEGILKRPPDEQRLYKDDQLLDDGKTLGE,OC1CN(C(=O)C(NC(=O)C)C(C)(C)C)C(C(=O)NCc2ccc(C3SC=NC=3C)cc2)C1
3g0w,1.95,2009,9.52,Ki=0.3nM,40,QPIFLNVLEAIEPGVVCAGHDNNQPDSFAALLSSLNELGERQLVHVVKWAKALPGFRNLHVDDQMAVIQYSWMGLMVFAMGWRSFTNVNSRMLYFAPDLVFNEYRMHKSRMYSQCVRMRHLSQEFGWLQITPQEFLCMKALLLFSIIPVDGLKNQKFFDELRMNYIKELDRIIACKRKNPTSCSRRFYQLTKLLDSVQPIARELHQFTFDLLIKSHMVSVDFPEMMAEIISVQVPKILSGKVKPIYFHT,OC1CCN2C(=Nc3ccc(C#N)c(Cl)c3C)OC(C(F)(F)F)C21
3ag9,2.0,2010,8.05,Ki=9nM,26,VKEFLAKAKEDFLKKWENPAQNTAHLDQFERIKTLGTGSFGRVMLVKHMETGNHYAMKILDKQKVVKLKQIEHTLNEKRILQAVNFPFLVKLEFSFKDNSNLYMVMEYVPGGEMFSHLRRIGRFSEPHARFYAAQIVLTFEYLHSLDLIYRDLKPENLLIDQQGYIQVTDFGFAKRVKGRTW,OC1C(OC(N2C=Nc3c(ncnc32)N)C1O)C(=O)NCCCCCC(=O)NC(C(=O)NCCCCCC(=O)NC(C(=O)NC(C(=O)N)CCCN=[C+](=N)=N)CCCN=[C+](=N)=N)CCCC[N+]
4gr0,1.5,2013,9.55,Ki=0.28nM,56,MGPVWRKHYITYRINNYTPDMNREDVDYAIRKAFQVWSNVTPLKFSKINTGMADILVVFARGAHGDDHAFDGKGGILAHAFGPGSGIGGDAHFDEDEFWTTHSGGTNLFLTAVHEIGHSLGLGHSSDPKAVMFPTYKYVDINTFRLSADDIRGIQSLYG,C1C(=NOC=1CC(C(=O)NC(C(=O)NC(C(=O)N)C)C)CP(=O)(=O)c1ccc(Br)cc1)c1ccc(cc1)-c1cccc(Cl)c1
3zsx,1.95,2012,3.28,Kd=519uM,52,SPGIWQLDCTHLEGKVILVAVHVASGYIEAEVIPAETGQETAYFLLKLAGRWPVKTVHTDNGSNFTSTTVKAACWWAGIKQEDGIPYNPQSQGVIESMNKELKKIIGQVRDQAEHLKTAVQMAVFIHNHKRK,C=CC[N+](Cc1ccccc1C(=O)NCc1ccccc1)Cc1ccc2OCOc2c1[C-](=O)=O
3n76,1.9,2011,6.85,Ki=0.14uM,53,ELIVNVINGPNLGRLGRREPAVYGGTTHDELVALIEREAAELGLKAVVRQSDSEAQLLDWIHQAADAAEPVILNAGGLTHTSVALRDACAELSAPLIEVHISNVHAREEFRRHSYLSPIATGVIVGLGIQGYLLALRYLAEHV,OC1C(C=CCOc2ccccc2)=CC(O)([C-](=O)=O)CC1O
5dwr,2.0,2015,11.22,Ki=6pM,6,PLESQYQVGPLLGSGGFGSVYSGIRVSDNLPVAIKHVEKDRISDWGELPNGTRVPMEVVLLKKVSSGFSGVIRLLDWFERPDSFVLILERPEPVQDLFDFITERGALQEELARSFFWQVLEAVRHCHNCGVLHRDIKDENILIDLNRGELKLIDFGSGALLKDTVYTDFDGTRVYSPPEWIRYHRYHGRSAAVWSLGILLYDMVCGDIPFEHDEEIIRGQVFFRQRVS,c1ncc(c(c1)C1CC(C)CC(C1)[N+])NC(=O)c1nc(c(F)cc1)-c1c(F)cccc1F
3f3c,2.1,2008,6.02,Ki=950nM,17,REHWATRLGLILAMAGNAVGLGNFLRFPVQAAENGGGAFMIPYIIAFLLVGIPLMWIEWAMGRYGGAQGHGTTPAIFYLLWRNRFAKILGVFGLWIPLVVAIYYVYIESWTLGFAIKFLVGLVPEPPP,c1cc(ccc1F)CC([C-](=O)=O)[N+]
3syr,2.4,2012,5.1,Ki=7.9uM,12,QISVRGLAGVENVTELKKNFNRHLHFTLVKDRNVATPRDYYFALAHTVRDHLVGRWIRTQQHYYEKDPKRIYYLSLEFYMGRTLQNTMVNLALENACDEATYQLGLDMEELEEIEEDAGLGNGGLGRLAACFLDSMATLGLAAYGYGIRYEFGIFNQKICGGWQMEEADDWLRYGNPWEKARPEFTLPVHFYGRVEHTSQGAKWVDTQVVLAMPYDTPVPGYRNNVVNTMRLWSAKAPND,OCC1OC(N2C(=O)NC(=O)C(F)=C2)C(O)C(O)C1O
3uuo,2.11,2012,7.96,Ki=11nM,1,PVRLCKEIELFHFDIGPFENMWPGIFVYMVHRSCGTSCFELEKLCRFIMSVKKNYRRVPYHNWKHAVTVAHCMYAILQNNHTLFTDLERKGLLIACLCHDLDHRGFSNSYLQKFDHPLAALYSTSTMEQHHFSQTVSILQLEGHNIFSTLSSSEYEQVLEIIRKAIIATDLALYFGNRKQLEEMYQTGSLNLNNQSHRDRVIGLMMTACDLCSVTKLWPVTKLTANDIYAEFWAEGDEMKKLGIQPIPMMDRDKKDEVPQGQLGFYNAVAIPCYTTLTQILPPTEPLLKACRDNLSQWEKVIRGE,c1c(OC)cc2c(c3C(=NNc3nc2c1C)C)N1CC[N+]CC1
4ih7,2.3,2013,5.24,Kd=5.8uM,15,HMSYTWTGALITPCAAEESKLPINALSNSLLRHHNMVYATTSRSAGLRQKKVTFDRLQVLDDHYRDVLKEMKAKASTVKAKLLSVEEACKLTPPHSAKSKFGYGAKDVRNLSSKAVNHIHSVWKDLLEDTVTPIDTTIMAKNEVFCVQ,C1=NC(=O)C(C=C1)c1cccc(c1)C(C)(C)C
3ozs,1.44,2011,5.33,Ki=4645nM,51,DTKEQRILRYVQQNAKPGDPQSVLEAIDTYCTQKEWAMNVGDAKGQIMDAVIREYSPSLVLELGAYCGYSAVRMARLLQPGARLLTMEINPDCAAITQQMLNFAGLQDKVTILNGASQDLIPQLKKKYDVDTLDMVFLDHWKDRYLPDTLLLEKCGLLRKGTVLLADNVIVPGTPDFLAYVRGSSSFECTHYSSYLEYMKVVDGLEKAIYQGP,Oc1cc(cc(C(=O)NCC=CC2OC(N3C=NC(=C3)C(F)(F)F)C(O)C2O)c1O)N(=O)=O
4dld,2.0,2012,5.82,Ki=1.5uM,43,NRTLIVTTILEEPYVMYRKSDKPLYGNDRFEGYCLDLLKELSNILGFLYDVKLVPDGKYGAQNDKGEWNGMVKELIDHRADLAVAPLTITYVREKVIDFSKPFMTLGISILYRKGTPIDSADDLAKQTKIEYGAVRDGSTMTFFKKSKISTYEKMWAFMSSRQQSALVKNSDEGIQRVLTTDYALLMESTSIEYVTQRNCNLTQIGGLIDSKGYGVGTPIGSPYRDKITIAILQLQEEGKLHMMKEKWWRGNGCP,c1c(c(Cl)cc(c1CC[C-](=O)=O)CC([C-](=O)=O)[N+])N(=O)=O
3f3d,2.3,2008,7.16,Kd=69nM,17,REHWATRLGLILAMAGNAVGLGNFLRFPVQAAENGGGAFMIPYIIAFLLVGIPLMWIEWAMGRYGGAQGHGTTPAIFYLLWRNRFAKILGVFGLWIPLVVAIYYVYIESWTLGFAIKFLVGLVPEPPP,CSCCC([C-](=O)=O)[N+]
2wbg,1.85,2009,4.45,Ki=35.2uM,18,VKKFPEGFLWGVATASYQIEGSPLADGAGMSIWHTFSHTPGNVKNGDTGDVACDHYNRWKEDIEIIEKLGVKAYRFSISWPRILPEGTGRVNQKGLDFYNRIIDTLLEKGITPFVTIYHWDLPFALQLKGGWANREIADWFAEYSRVLFENFGDRVKNWITLNEPWVVAIVGHLYGVHAPGMRDIYVAFRAVHNLLRAHARAVKVFRETVKDGKIGIVFNNGYFEPASEKEEDIRAVRFMHQFNNYPLFLNPIYRGDYPELVLEFAREYLPENYKDDMSEIQEKIDFVGLNYYSGHLVKFDPDAPAKVSFVERDLPKTAMGWEIVPEGIYWILKKVKEEYNPPEVYITENGAAFDDVVSEDGRVHDQNRIDYLKAHIGQAWKAIQEGVPLKGYFVWSLLDNFEWAEGYSKRFGIVYVDYSTQKRIVKDSGYWYSNVVKNNGLE,OC1N2C(=NCCCCCCCC)OCC2C(O)C(O)C1O
4e5w,1.86,2012,7.66,Ki=22nM,30,GDIVSEKKPATEVDPTHFEKRFLKRIRDLGEGHFGKVELCRYDPEGDNTGEQVAVKSLK,C1=Nc2cnc3c(C=CN3)c2N1C1CCN(C(=O)C2CCC[N+]2C(C)C)CC1
4cr9,1.7,2015,4.1,Ki=80uM,4,IVGGTASVRGEWPWQVTLHTTSPTQRHLCGGSIIGNQWILTAAHCFYGVESPKILRVYSGILNQAEIAEDTSFFGVQEIIIHDQYKMAESGYDIALLKLETTVNYADSQRPISLPSKGDRNVIYTDCWVTGWGYRKLRDKIQNTLQKAKIPLVTNEECQKRYRGHKITHKMICAGYREGGKDACKGDSGGPLSCKHNEVWHLVGITSWGEGCAQRERPGVYTNVVEYVDWILEKTQAV,c1c(cc2c(cc(nc2c1)N)C)N
1lpg,2.0,2003,7.09,Ki=82nM,45,IVGGQECKDGECPWQALLINEENEGFCGGTILSEFYILTAAHCLYQAKRFKVRVGDRNTEQEEGGEAVHEVEVVIKHNRFTKETYDFDIAVLRLKTPITFRMNVAPACLPERDWAESTLMTQKTGIVSGFGRTHEKGRQSTRLKMLEVPYVDRNSCKLSSSFIITQNMFCAGYDTKQEDACQGDSGGPHVTRFKDTYFVTGIVSWGEGCARKGKYGIYTKVTAFLKWIDRSMKT,C1=C(C(=O)NCc2ccc(cc2)[N+](C)(C)C)N(c2ccc(OCc3ccccc3)cc21)Cc1cccc(c1)[C+](=N)=N
4j28,1.73,2013,5.7,Ki=2.0uM,20,EIPLKYGATNEGKRQDPAMQKFRDNRLGAFIHWGLYAIPGGEWNGKVYGGAAEWLKSWAKVPADEWLKLMDQWNPTKFDAKKWAKMAKEMGTKYVKITTKHHEGFCLWPSKYTKYTVANTPYKRDILGELVKAYNDEGIDVHFYFSVMDWSNPDYRYDIKSKEDSIAFSRFLEFTDNQLKELATRYPTVKDFWFDGTWDASVKKNGWWTAHAEQMLKELVPGVAINSRLRADDKGKRHFDSNGRLMGDYESGYERRLPDPVKDLKVTQWDWEACMTIPENQWGYHKDWSLSYVKTPIEVIDRIVHAVSMGGNMVVNFGPQADGDFRPEEKAMATAIGKWMNRYGKAVYACDYAGFEKQDWGYYTRGKNDEVYMVVFNQPYSERLIVKTPKGITVEKATLLTTGEDITVVETTRNEYNVSVPKKNPGEPYVIQLKVRAA,OC1C(O)C(C)[N+]C1C1=Nc2ccccc2N1
4mme,2.5,2013,6.5,Kd=318nM,17,REHWATRLGLILAMAGYAVDLGNFLRFPVQAAENGGGAFMIPYIIAFLLVGIPLMWIEWAMGRYGGAQGHGTTPAIFYLLWRNRFAKILGVFGLWIPLVVAIYYVYIESWTLGFAIKFLVGLVPEPP,OC1(c2ccc(Cl)cc2)c2ccccc2C2NCCN=21
3dx1,1.21,2009,3.58,Ki=265uM,11,QCQDVVQDVPNVDVQMLELYDRMSFKDIDGGVWKQGWNIKYDPLKYNAHHKLKVFVVPHSHNDPGWIQTFEEYYQHDTKHILSNALRHLHDNPEMKFIWAEISYFARFYHDLGENKKLQMKSIVKNGQLEFVTGGWVMPDEANSHWRNVLLQLTEGQTWLKQFMNVTPTASWAIDPFGHSPTMPYILQKSGFKNMLIQRTHYSVKKELAQQRQLEFLWRQIWDNKGDTALFTHMMPFYSYDIPHTCGPDPKVCCQFDFKRMGSFGLSCPWKVPPRTISDQNVAARSDLLVDQWKKKAELYRTNVLLIPLGDDFRFKQNTEWDVQRVNYERLFEHINSQAHFNVQAQFGTLQEYFDAVHQAERAGQAEFPTLSGDFFTYADRSDNYWSGYYTSRPYHKRMDRVLMHYVRAAEMLSAWHSWDGMARIEERLEQARRELSLFQHHDGITGTAKTHVVVDYEQRMQEALKACQMVMQQSVYRLLTKPSIYSPDFSFSYFTLDDSRWPGSGVEDSRTTIILGEDILPSKHVVMHNTLPHWREQLVDFYVSSPFVSVTDLANNPVEAQVSPVWSWHHDTLTKTIHPQGSTTKYRIIFKARVPPMGLATYVLTISDSKPEHTSYASNLLLRKNPTSLPLGQYPEDVKFGDPREISLRVGNGPTLAFSEQGLLKSIQLTQDSPHVPVHFKFLKYGVRSHGDRSGAYLFLPNGPASPVELGQPVVLVTKGKLESSVSVGLPSVVHQTIMRGGAPEIRNLVDIGSLDNTEIVMRLETHIDSGDIFYTDLNGLQFIKRRRLDKLPLQANYYPIPSGMFIEDANTRLTLLTGQPLGGSSLASGELEIMQDRRLASDDERGLGQGVLDNKPVLHIYRLVLEKVNNCVRPSKLHPAGYLTSAAHKASQSLLDPLDKFIFAENEWIGAQGQFGGDHPSAREDLDVSVMRRLTKSSAKTQRVGYVLHRTNLMQCGTPEEHTQKLDVCHLLPNVARCERTTLTFLQNLEHLDGMVAPEVCPMETAAYVSSHSS,OC1CC(C(O)C1O)[N+]
1p1n,1.6,2003,6.8,Kd=0.16uM,41,KTVVVTTILESPYVMMKKNHEMLEGNERYEGYCVDLAAEIAKHCGFKYKLTIVGDGKYGARDADTKIWNGMVGELVYGKADIAIAPLTITLVREEVIDFSKPFMSLGISIMIKKGTPIESAEDLSKQTEIAYGTTDSGSTKEFFRRSKIAVFDKMWTYMRSAEPSVFVRTTAEGVARVRKSKGKYAYLLESTMNEYIEQRKPCDTMKVGGNLDSKGYGIATPKGSSLGNAVNLAVLKLNEQGLLDKLKNKWWYDKGEC,C=C(C)C1C(C[C-](=O)=O)C([C-](=O)=O)[N+]C1
3dd0,1.48,2009,9.0,Ki=1nM,38,HHWGYGKHNGPEHWHKDFPIAKGERQSPVDIDTHTAKYDPSLKPLSVSYDQATSLRILNNGHAFNVEFDDSQDKAVLKGGPLDGTYRLIQFHFHWGSLDGQGSEHTVDKKKYAAELHLVHWNTKYGDFGKAVQQPDGLAVLGIFLKVGSAKPGLQKVVDVLDSIKTKGKSADFTNFDPRGLLPESLDYWTYPGSLTTPPLLECVTWIVLKEPISVSSEQVLKFRKLNFNGEGEPEELMVDNWRPAQPLKNRQIKASFK,c1cc(OCC)cc2SC(=Nc12)S(=O)(=O)N
2v7a,2.5,2007,8.3,Kd=0.005uM,7,DKWEMERTDITMKHKLGGGQYGEVYEGVWKKYSLTVAVKTLKEDTMEVEEFLKEAAVMKEIKHPNLVQLLGVCTREPPFYIIIEFMTYGNLLDYLRECNRQEVNAVVLLYMATQISSAMEYLEKKNFIHRDLAARNCLVGENHLVKVADFGLSRLMTGDT,c1ccc(cc1)C(OC)C(=O)N1CC2C(=NNC=2C1)NC(=O)c1ccc(cc1)N1CC[N+](C)CC1
2wvt,1.8,2010,6.12,Kd=755nM,20,EIPLKYGATNEGKRQDPAMQKFRDNRLGAFIHWGLYAIPGGEWNGKVYGGAAEWLKSWAKVPADEWLKLMDQWNPTKFDAKKWAKMAKEMGTKYVKITTKHHEGFCLWPSKYTKYTVANTPYKRDILGELVKAYNDEGIDVHFYFSVMDWSNPDYRYDIKSKEDSIAFSRFLEFTDNQLKELATRYPTVKDFWFDGTWDASVKKNGWWTAHAEQMLKELVPGVAINSRLRADDKGKRHFDSNGRLMGDYESGYERRLPDPVKDLKVTQWDWEACMTIPENQWGYHKDWSLSYVKTPIEVIDRIVHAVSMGGNMVVNFGPQADGDFRPEEKAMATAIGKWMNRYGKAVYACDYAGFEKQDWGYYTRGKNDEVYMVVFNQPYSERLIVKTPKGITVEKATLLTTGEDITVVETTRNEYNVSVPKKNPGEPYVIQLKVRAA,OCC1C(O)C(O)C(O)C(CO)[N+]1
1vso,1.85,2007,4.72,Ki=18.98uM,43,TLIVTTILEEPYVMYRKSDKPLYGNDRFEGYCLDLLKELSNILGFLYDVKLVPDGKYGAQ,CC(C1ON=C(OCP(=O)(=O)=O)C=1CC([C-](=O)=O)[N+])(C)C
2xbv,1.66,2010,8.43,Kd=3.7nM,45,IVGGQECKDGECPWQALLINEENEGFCGGTILSEFYILTAAHCLYQAKRFKVRVGDRNTEQEEGGEAVHEVEVVIKHNRFTKETYDFDIAVLRLKTPITFRMNVAPACLPERDWAESTLMTQKTGIVSGFGRTHEKGEQSTRLKMLEVPYVDRNSCKLSSSFIITQNMFCAGYDTKQEDACQGDSGGPHVTRFKDTYFVTGIVSWGEGCARKGKYGIYTKVTAFLKWIDRSMKTR,C1C(=O)N(C=CC=1)c1ccc(c(F)c1)NC(=O)C1C(C(=O)Nc2ncc(Cl)cc2)C[N+](CC(F)F)C1
4m0z,2.0,2014,5.19,Kd=6.4uM,3,KWVIDPSELTFVQEIGSGQFGLVHLGYWLNKDKVAIKTIREGAMSEEDFIEEAEVMMKLSHPKLVQLYGVCLEQAPICLVFEFMEHGCLSDYLRTQRGLFAAETLLGMCLDVCEGMAYLEEACVIHRDLAARNCLVGENQVIKVSDFGMTRFVLDDQYTSSTGTKFPVKWASPEVFSFSRYSSKSDVWSFGVLMWEVFSEGKIPYENRSNSEVVEDISTGFRLYKPRLASTHVYQIMNHCWRERPEDRPAFSRLLRQLAEIAES,C1=C(C(=NN1c1cccc2ccc(OC)cc12)C(=O)N)NC(=O)N
3coz,2.0,2008,5.57,Kd=2.7uM,28,IPAFHPGELNVYSAPGDVADVSRALRLTGRRVMLVPTMGALHEGHLALVRAAKRVPGSVVVVSIFVNPMQFGAGGDLDAYPRTPDDDLAQLRAEGVEIAFTPTTAAMYPDGLRTTVQPGPLAAELEGGPRPTHFAGVLTVVLKLLQIVRPDRVFFGEKDYQQLVLIRQLVADFNLDVAVVGVPTVREADGLAMSSRNRYLDPAQRAAAVALSAALTAAAHAATAGAQAALDAARAVLDAAPGVAVDYLELRDIGLGPMPLNGSGRLLVAARLGTTRLLDNIAIEIGTF,OC1C(OC(COS(=O)(=O)NC(=O)C(C(C)C)[N+])C1O)N1C=Nc2c(ncnc21)N
3gr2,1.8,2009,2.52,Ki=3mM,24,APQQINDIVHRTITPLIEQQKIPGMAVAVIYQGKPYYFTWGYADIAKKQPVTQQTLFELGSVSKTFTGVLGGDAIARGEIKLSDPTTKYWPELTAKQWNGITLLHLATYTAGGLPLQVPDEVKSSSDLLRFYQNWQPAWAPGTQRLYANSSIGLFGALAVKPSGLSFEQAMQTRVFQPLKLNHTWINVPPAEEKNYAWGYREGKAVHVSPGALDAEAYGVKSTIEDMARWVQSNLKPLDINEKTLQQGIQLAQSRYWQTGDMYQGLGWEMLDWPVNPDSIINGSDNKIALAARPVKAITPPTPAVRASWVHKTGATGGFGSYVAFIPEKELGIVMLANKNYPNPARVDAAWQILNALQ,N1N=NN=C1N1N=C(C)C(C1=O)CC
1o5b,1.85,2004,5.77,Ki=1.7uM,37,IIGGEFTTIENQPWFAAIYRRHRGGSVTYVCGGSLMSPCWVISATHCFIDYPKKEDYIVYLGRSRLNSNTQGEMKFEVENLILHKDYSADTLAHHNDIALLKIRSKEGRCAQPSRTIQTICLPSMYNDPQFGTSCEITGFGKEASTDYLYPEQLKMTVVKLISHRECQQPHYYGSEVTTKMLCAADPQWKTDACQGDSGGPLVCSLQGRMTLTGIVSWGRGCALKDKPGVYTRVSHFLPWIRSHT,C1=C(Sc2cccc(I)c21)[C+](=N)=N
2p4y,2.25,2008,9.0,Ki=1nM,35,NPESADLRALAKHLYDSYIKSFPLTKAKARAILT,c1cc(OC([C-](=O)=O)C)cc(c1Cl)CN1C(=C(C2=NOc3cc(OC)ccc32)c2ccc(OC(F)(F)F)cc21)C
1a30,2.0,1998,4.3,Ki=50uM,9,PQITLWKRPLVTIKIGGQLKEALLDTGADDTVIEEMSLPGRWKPKMIGGIGGFIKVRQYDQIIIEICGHKAIGTVLVGPTPVNIIGRNLLTQIGCTLNF,N(C(=O)C(CC[C-](=O)=O)[N+])C(C(=O)NC([C-](=O)=O)CC(C)C)C[C-](=O)=O
4w9l,2.2,2014,5.02,Kd=9.52uM,54,MDVFLMIRRHKTTIFTDAKESSTVFELKRIVEGILKRPPDEQRLYKDDQLLDDGKTLGE,OC1CN(C(=O)C(NC(=O)C(NC(=O)C)C(C)(C)C)C(C)(C)C)C(C(=O)NCc2ccc(C3SC=NC=3C)cc2)C1
1e66,2.1,2001,9.89,Ki=0.13nM,16,SELLVNTKSGKVMGTRVPVLSSHISAFLGIPFAEPPVGNMRFRRPEPKKPWSGVWNASTYPNNCQQYVDEQFPGFSGSEMWNPNREMSEDCLYLNIWVPSPRPKSTTVMVWIYGGGFYSGSSTLDVYNGKYLAYTEEVVLVSLSYRVGAFGFLALHGSQEAPGNVGLLDQRMALQWVHDNIQFFGGDPKTVTIFGESAGGASVGMHILSPGSRDLFRRAILQSGSPNCPWASVSVAEGRRRAVELGRNLNCNLNSDEELIHCLREKKPQELIDVEWNVLPFDSIFRFSFVPVIDGEFFPTSLESMLNSGNFKKTQILLGVNKDEGSFFLLYGAPGFSKDSESKISREDFMSGVKLSVPHANDLGLDAVTLQYTDWMDDNNGIKNRDGLDDIVGDHNVICPLMHFVNKYTKFGNGTYLYFFNHRASNLVWPEWMGVIHGYEIEFVFGLPLVKELNYTAEEEALSRRIMHYWATFAKTGNPNEPHSQESKWPLFTTKEQKFIDLNTEPMKVHQRLRVQMCVFWNQFLPKLLNAT,C1=C(CC)CC2c3c(nc4cc(Cl)ccc4c3N)CC1C2
4ih5,1.9,2013,4.11,Kd=78uM,15,HMSYTWTGALITPCAAEESKLPINALSNSLLRHHNMVYATTSRSAGLRQKKVTFDRLQVLDDHYRDVLKEMKAKASTVKAKLLSVEEACKLTPPHSAKSKFGYGAKDVRNLSSKAVNHIHSVWKDLLEDTVTPIDTTIMAKNEVFCVQ,C1=c2c(ncnc2=NN1)NNc1ccccc1
3mss,1.95,2010,4.66,Kd=22uM,7,MDPS,c1ccc(cc1)COc1ccc(cc1)CC(C(=O)NC)[N+]
4cra,1.8,2015,7.22,Ki=0.06uM,4,IVGGTASVRGEWPWQVTLHTTSPTQRHLCGGSIIGNQWILTAAHCFYGVESPKILRVYSGILNQAEIAEDTSFFGVQEIIIHDQYKMAESGYDIALLKLETTVNYADSQRPISLPSKGDRNVIYTDCWVTGWGYRKLRDKIQNTLQKAKIPLVTNEECQKRYRGHKITHKMICAGYREGGKDACKGDSGGPLSCKHNEVWHLVGITSWGEGCAQRERPGVYTNVVEYVDWILEKTQAV,OC1=CC(=O)Nc2ccc(C(=O)NC(C(=O)NCc3cccc4nc(ccc34)N)Cc3ccccc3)cc21
3pxf,1.8,2011,4.43,Kd=37uM,29,SPEFMENFQKVEKIGEGTYGVVYKARNKLTGEVVALKKIRLDTETEGVPSTAIREISLLKELNHPNIVKLLDVIHTENKLYLVFEFLHQDLKKFMDASALTGIPLPLIKSYLFQLLQGLAFCHSHRVLHRDLKPQNLLINTEGAIKLADFGLARAFGVPVRTYTHEVVTLWYRAPEILLGCKYYSTAVDIWSLGCIFAEMVTRRALFPGDSEIDQLFRIFRTLGTPDEVVWPGVTSMPDYKPSFPKWARQDFSKVVPPLDEDGRSLLSQMLHYDPNKRISAKAALAHPFFQDVTKPVPHLRL,c1ccc(cc1)Nc1cccc2cccc(c12)S(=O)(=O)=O
2fxs,2.0,2007,6.06,Kd=0.87uM,48,ASETFEFQAEITQLMSLIINTVYSNKEIFLRELISNASDALDKIRYKSLSDPKQLETEPDLFIRITPKPEQKVLEIRDSGIGMTKAELINNLGTIAKSGTKAFMEALSAGADVSMIGQFGVGFYSLFLVADRVQVISKSNDDEQYIWESNAGGSFTVTLDEVNERIGRGTILRLFLKDDQLEYLEEKRIKEVIKRHSEFVAYPIQLVVTKEVE,Oc1cc(O)c(C(=O)OC)c(c1Cl)CCC(=O)N=C1C(=O)C=C(OC)C(=O)C1
4owm,1.99,2014,2.96,Ki=1090uM,23,PSWPQILGRLTDNRDLARGQAAWAMDQIMTGNARPAQIAAFAVAMTMKAPTADEVGELAGVMLSHAHPLPADTVPDDAVDVVGTGGDGVNTVNLSTMAAIVVAAAGVPVVKHGNRAASSLSGGADTLEALGVRIDLGPDLVARSLAEVGIGFCFAPRFHPSYRHAAAVRREIGVPTVFNLLGPLTNPARPRAGLIGCAFADLAEVMAGVFAARRSSVLVVHGDDGLDELTTTTTSTIWRVAAGSVDKLTFDPAGFGFARAQLDQLAGGDAQANAAAVRAVLGGARGPVRDAVVLNAAGAIVAHAGLSSRAEWLPAWEEGLRRASAAIDTGAAEQLLARWVRFGRQI,c1cc(F)c(c(c1)[C-](=O)=O)N
3tsk,2.0,2012,7.17,Kd=67nM,56,MGPVWRKHYITYRINNYTPDMNREDVDYAIRKAFQVWSNVTPLKFSKINTGMADILVVFARGAHGDDHAFDGKGGILAHAFGPGSGIGGDAHFDEDEFWTTHSGGTNLFLTAVHEIGHSLGLGHSSDPKAVMFPTYKYVDINTFRLSADDIRGIQSLYG,C1SC(=CC=1c1ccccc1)c1ccc(cc1)CCC(=O)NC(C(=O)NC(C(=O)N)CC[C-](=O)=O)CCC(=O)N
1k1i,2.2,2001,6.58,Kd=264nM,47,IVGGYTCGANTVPYQVSLNSGYHFCGGSLINSQWVVSAAHCYKSGIQVRLGEDNINVVEGNEQFISASKSIVHPSYNSNTLNNDIMLIKLKSAASLNSRVASISLPTSCASAGTQCLISGWGNTKSSGTSYPDVLKCLKAPILSDSSCKSAYPGQITSNMFCAGYLEGGKDSCQGDSGGPVVCSGKLQGIVSWGSGCAQKNKPGVYTKVCNYVSWIKQTIASN,c1cc(cc(c1)CC(C(=O)N1CCCCC1[C-](=O)=O)NS(=O)(=O)c1ccc2ccccc2c1)[C+](=N)=N
3ao4,1.95,2011,2.07,Kd=8.5mM,52,SPGIWQLDCTHLEGKVILVAVHVASGYIEAEVIPAETGQETAYFLLKLAGRWPVKTVHTDNGSNFTGATVRAACDWAGIKQE,C1C(=NN(C=1N)C)c1ccc2OCOc2c1
3bv9,1.8,2008,5.36,Ki=4.4uM,34,EADCGLRPLFEKKSLEDKTERELLESYID,OC(=O)C(NC(=O)C(NC(=O)C1N(C(=O)C2N(C(=O)C(CC=CN=[C+](=N)=N)[N+])C3CCCCC3C2)CCC1)C)CC1C=CC(C)CC1
4f2w,2.0,2013,11.3,Ki=5.0pM,46,MKIGIIGAMEEEVTLLRDKIDNRQTITLGGCEIYTGQLNGTEVALLKSGIGKVAAALGATLLLEHCKPDVIINTGSAGGLASTLKVGDIVVSDETRYHDADVTAFGYEYGQLPGCPAGFKADDKLIAAAESCIRELNLNAVRGLIVSGDAFINGSVGLAKIRHNFPDAVAVEMEATAIAHVCHNFNVPFVVVRAISDVADQQSHLSFDEFLAVAAKQSTLMVETLVQKLAH,OC1C(CSC)C[N+](CC2=CNc3c2ncnc3N)C1
3ueu,2.1,2011,5.24,Kd=5.81uM,55,IVTQTMKGLDIQKVAGTWYSLAMAASDISLLDAQSAPLRVYVEELKPTPEGDLEILLQKWENGECAQKKIIAEKTKIPAVFKIDALNENKVLVLDTDYKKYLLFCMEN,CCCCCCCCCCC[C-](=O)=O
4k18,2.05,2013,8.96,Ki=1.1nM,6,EPLESQYQVGPLLGSGGFGSVYSGIRVSDNLPVAIKHVEKDRISDWGELPNGTRVPMEVVLLKKVSSGFSGVIRLLDWFERPDSFVLILERPEPVQDLFDFITERGALQEELARSFFWQVLEAVRHCHNCGVLHRDIKDENILIDLNRGELKLIDFGSGALLKDTVYTDFDGTRVYSPPEWIRYHRYHGRSAAVWSLGILLYDMVCGDIPFEHDEEIIRGQVFFRQRVSSECQHLIRWCLALRPSDRPTFEEIQNHPWMQDVLLPQETAEIHLHSLS,OC1=CC(=NC2=C(C(=O)Nc3ccc(F)cc3)C=NN21)Cc1ccc(C#N)cc1
4kz6,1.68,2014,3.1,Ki=0.8mM,24,APQQINDIVHRTITPLIEQQKIPGMAVAVIYQGKPYYFTWGYADIAKKQPVTQQTLFELGSVSKTFTGVLGGDAIARGEIKLSDPTTKYWPELTAKQWNGITLLHLATYTAGGLPLQVPDEVKSSSDLLRFYQNWQPAWAPGTQRLYANSSIGLFGALAVKPSGLSFEQAMQTRVFQPLKLNHTWINVPPAEEKNYAWGYREGKAVHVSPGALDAEAYGVKSTIEDMARWVQSNLKPLDINEKTLQQGIQLAQSRYWQTGDMYQGLGWEMLDWPVNPDSIINGSDNKIALAARPVKAITPPTPAVRASWVHKTGATGGFGSYVAFIPEKELGIVMLANKNYPNPARVDAAWQILNALQ,SCCC(=O)N1C([C-](=O)=O)CCCC1C
2yge,1.96,2011,5.06,Kd=8.62uM,48,MASETFEFQAEITQLMSLIINTVYSNKEIFLRELISNASDALDRIRYKSLSDPKQLETEPDLFIRITPKPEQKVLEIRDSGIGMTKAELINNLGTIANSGTKAFMEALSAGADVSMIGQFGVGFYSLFLVADRVQVISKSNDDEQYIWESNAGGSFTVTLDEVNERIGRGTILRLFLKDDQLEYLEEKRIKEVIKRHSEFVAYPIQLVVTKEVE,OC1C(OC)CC(C)CC2C(=O)C(=CC(=O)C=2OC)NC(=O)C(=CC=CC(OC)C(OC(=O)N)C(=CC1C)C)C
3o9i,1.45,2011,11.82,Ki=1.5pM,9,PQITLWKRPLVTIRIGGQLKEALLDTGADDTVLEEMNLPGKWKPKMIGGIGGFIKVRQYDQIPIEICGHKAIGTVLVGPTPVNIIGRNLLTQIGCTLNF,OC(CN(CC(CC)CC)S(=O)(=O)c1ccc2N=CSc2c1)C(NC(=O)OC1COC2OCCC21)Cc1ccccc1
3f3e,1.8,2008,7.7,Kd=20nM,17,REHWATRLGLILAMAGNAVGLGNFLRFPVQAAENGGGAFMIPYIIAFLLVGIPLMWIEWAMGRYGGAQGHGTTPAIFYLLWRNRFAKILGVFGLWIPLVVAIYYVYIESWTLGFAIKFLVGLVPEPPP,CC(C)CC([C-](=O)=O)[N+]
4djv,1.73,2012,6.72,Ki=0.19uM,19,GSFVEMVDNLRGKSGQGYYVEMTVGSPPQTLNILVDTGSSNFAVGAAPHPFLHRYYQRQLSSTYRDLRKGVYVPYTQGKWEGELGTDLVSIPHGPNVTVRANIAAITESDKFFINGSNWEGILGLAYAEIARPDDSLEPFFDSLVKQTHVPNLFSLQLCGAGFPLNQSEVLASVGGSMIIGGIDHSLYTGSLWYTPIRREWYYEVIIVRVEINGQDLKMDCKEYNYDKSIVDSGTTNLRLPKKVFEAAVKSIKAASSTEKFPDGFWLGEQLVCWQAGTTPWNIFPVISLYLMGEVTNQSFRITILPQQYLRPVEDVATSQDDCYKFAISQSSTGTVMGAVIMEGFYVVFDRARKRIGFAVSACHVHDEFRTAAVEGPFVTLDMEDCGYNI,c1ccc(cc1)C1(C(=O)N([c+](=N)n1)C)c1cccc(c1)-c1cccc(OC)c1
3n86,1.9,2011,5.64,Ki=2.3uM,53,LIVNVINGPNLGRLGRREPAVYGGTTHDELVALIEREAAELGLKAVVRQSDSEAQLLDWIHQAADAAEPVILNAGGLTHTSVALRDACAELSAPLIEVHISNVHAREEFRRHSYLSPIATGVIVGLGIQGYLLALRYLAEH,OC1C(=CC(O)([C-](=O)=O)CC1O)CCC(=O)Nc1ccccc1
2vw5,1.9,2008,8.52,Kd=3nM,48,MASETFEFQAEITQLMSLIINTVYSNKEIFLRELISNASDALDKIRYKSLSDPKQLETEPDLFIRITPKPEQKVLEIRDSGIGMTKAELINNLGTIAKSGTKAFMEALSAGADVSMIGQFGVGFYSLFLVADRVQVISKSNDDEQYIWESNAGGSFTVTLDEVNERIGRGTILRLFLKDDQLEYLEEKRIKEVIKRHSEFVAYPIQLVVTKEVE,Oc1cc2cc(c1)CC(C)CC(OC)C(O)C(C=C(C)C(OC(=O)N)C(C)CCC=C(C(=O)N2)C)C
2cbv,1.95,2006,5.48,Kd=3.3uM,18,VKKFPEGFLWGVATASYQIEGSPLADGAGMSIWHTFSHTPGNVKNGDTGDVACDHYNRWKEDIEIIEKLGVKAYRFSISWPRILPEGTGRVNQKGLDFYNRIIDTLLEKGITPFVTIYHWDLPFALQLKGGWANREIADWFAEYSRVLFENFGDRVKNWITLNEPWVVAIVGHLYGVHAPGMRDIYVAFRAVHNLLRAHARAVKVFRETVKDGKIGIVFNNGYFEPASEK,OC1C(O)C2CCC(O)(C1O)[N+]2
3ebp,2.0,2009,5.91,Ki=1.24uM,12,QISVRGLAGVENVTELKKNFNRHLHFTLVKDRNVATPRDYYFALAHTVRDHLVGRWIRTQQHYYEKDPKRIYYLSLEFYMGRTLQNTMVNLALENACDEATYQLGLDMEELEEIEEDAGLGNGGLGRLAACFLDSMATLGLAAYGYGIRYEFGIFNQKICGGWQMEEADDWLRYGNPWEKARPEFTLPVHFYGRVEHTSQGAKWVDTQVVLAMPYDTPVPGYRNNVVNTMRLWSAKAPNDFNL,Oc1cc(O)c(c2OC(=CC(=O)c12)c1ccccc1Cl)C1CC[N+](C)CC1O
4twp,2.4,2015,10.0,Ki=100pM,7,DKWEMERTDITMKHKLGGGQYGEVYEGVWKKYSLTVAVKTL,C(=Cc1ncccc1)C1=c2ccc(Sc3ccccc3C(=O)NC)cc2=NN1
3kr8,2.1,2009,8.1,Kd=8nM,49,GTILIDLSPDDKEFQSVEEEMQSTVREHRDGGHAGGIFNRYNILKIQKVCNKKLWERYTHRRKEVSEENHNHANERMLFHGSPFVNAIIHKGFDERHAYIGGMFGAGIYFAENSSKSNQYVYGIGGGTGCPVHKDRSCYICHRQLLFCRVTLGKSFLQFS,c1cc(ccc1C1=NC2=C(C(=O)N1)CSCC2)C(F)(F)F
3jvs,1.9,2009,6.54,Kd=0.29uM,32,AVPFVEDWDLVQTLGE,c1cc(c(cc1C(=O)NNC(=O)Nc1cccc2ccccc12)N(=O)=O)C(C)(C)C
4m0y,1.7,2014,6.46,Kd=0.35uM,3,WVIDPSELTFVQEIGSGQFGLVHLGYWLNKDKVAIKTIREGAMSEEDFIEEAEVMMKLSHPKLVQLYGVCLEQAPICLVFEFMEHGCLSDYLRTQRGLFAAETLLGMCLDVCEGMAYLEEACVIHRDLAARNCLVGENQVIKVSDFGMTRFVLDDQYTSSTGTKFPVKWASPEVFSFSRYSSKSDVWSFGVLMWEVFSEGKIPYENRSNSEVVEDISTGFRLYKPRLASTHVYQIMNHCWRERPEDRPAFSRLLRQLAEIAES,C1=C(C(=NN1c1cccc2ccccc12)C(=O)N)NC(=O)N
2v00,1.55,2007,3.66,Kd=0.22mM,2,STGSATTTPIDSLDDAYITPVQIGTPAQTLNLDFDTGSSDLWVFSSETTASEVDGQTIYTPSKSTTAKLLSGATWSISYGDGSSSSGDVYTDTVSVGGLTVTGQAVESAKKVSSSFTEDSTIDGLLGLAFSTLNTVSPTQQKTFFDNAKASLDSPVFTADLGYHAPGTYNFGFIDTTAYTGSITYTAVSTKQGFWEWTSTGYAVGSGTFKSTSIDGIADTGTTLLYLPATVVSAYWAQVSGAKSSSSVGGYVFPCSATLPSFTFGVGSARIVIPGDYIDFGPISTGSSSCFGGIQSSAGIGINIFGDVALKAAFVVFNGATTPTLGFASK,C1C(=O)NC(=NC=1CCc1ccccc1)N
3ejr,1.27,2009,8.57,Ki=2.7nM,11,QCQDVVQDVPNVDVQMLELYDRMSFKDIDGGVWKQGWNIKYDPLKYNAHHKLKVFVVPHSHNDPGWIQTFEEYYQHDTKHILSNALRHLHDNPEMKFIWAEISYFARFYHDLGENKKLQMKSIVKNGQLEFVTGGWVMPDEANSHWRNVLLQLTEGQTWLKQFMNVTPTASWAIDPFGHSPTMPYILQKSGFKNMLIQRTHYSVKKELAQQRQLEFLWRQIWDNKGDTALFTHMMPFYSYDIPHTCGPDPKVCCQFDFKRMGSFGLSCPWKVPPRTISDQNVAARSDLLVDQWKKKAELYRTNVLLIPLGDDFRFKQNTEWDVQRVNYERLFEHINSQAHFNVQAQFGTLQEYFDAVHQAERAGQAEFPTLSGDFFTYADRSDNYWSGYYTSRPYHKRMDRVLMHYVRAAEMLSAWHSWDGMARIEERLEQARRELSLFQHHDGITGTAKTHVVVDYEQRMQEALKACQMVMQQSVYRLLTKPSIYSPDFSFSYFTLDDSRWPGSGVEDSRTTIILGEDILPSKHVVMHNTLPHWREQLVDFYVSSPFVSVTDLANNPVEAQVSPVWSWHHDTLTKTIHPQGSTTKYRIIFKARVPPMGLATYVLTISDSKPEHTSYASNLLLRKNPTSLPLGQYPEDVKFGDPREISLRVGNGPTLAFSEQGLLKSIQLTQDSPHVPVHFKFLKYGVRSHGDRSGAYLFLPNGPASPVELGQPVVLVTKGKLESSVSVGLPSVVHQTIMRGGAPEIRNLVDIGSLDNTEIVMRLETHIDSGDIFYTDLNGLQFIKRRRLDKLPLQANYYPIPSGMFIEDANTRLTLLTGQPLGGSSLASGELEIMQDRRLASDDERGLGQGVLDNKPVLHIYRLVLEKVNNCVRPSKLHPAGYLTSAAHKASQSLLDPLDKFIFAENEWIGAQGQFGGDHPSAREDLDVSVMRRLTKSSAKTQRVGYVLHRTNLMQCGTPEEHTQKLDVCHLLPNVARCERTTLTFLQNLEHLDGMVAPEVCPMETAAYVSSHSS,OC1C(O)C2C(O)CCC(CC(=O)c3ccc(cc3)C(C)(C)C)[N+]2C1
3qgy,2.1,2011,7.8,Ki=16nM,3,HMVIDPSELTFVQEIGSGQFGLVHLGYWLNKDKVAIKTIKEGSMSEDDFIEEAEVMMKLSHPKLVQLYGVCLEQAPICLVFEFMEHGCLSDYLRTQRGLFAAETLLGMCLDVCEGMAYLEEACVIHRDLAARNCLVGENQVIKVSDFG,C1=C(Sc2ccc3cnc(nc3c21)Nc1cccc(c1)S(=O)(=O)N)c1ccccc1
1nc1,2.0,2003,6.12,Ki=0.75uM,46,FSMKIGIIGAMEEEVTLLRDKIENRQTISLGGCEIYTGQLNGTEVALLKSGIGKVAAALGATLLLEHCKPDVIINTGSAGGLAPTLKVGDIVVSDEARYHDADVTAFGYEYGQLPGCPAGFKADDKLIAAAEACIAELNLNAVRGLIVSGDAFINGSVGLAKIRHNFPQAIAVEMEATAIAHVCHNFNVPFVVVRAISDVADQQSHLSFDEFLAVAAKQSSLMVESLVQKLAHG,OC1C(OC(CSC)C1O)N1C=Cc2c(ncnc21)N
3bgz,2.4,2007,6.26,Ki=0.55uM,6,PLESQYQVGPLLGSGGFGSVYSGIRVSDNLPVAIKHVEKDRISDWGE,c1ccc(C2=C(c3ccccc3)Nc3c2cccc3[C-](=O)=O)cc1
4mgd,1.9,2014,4.69,Kd=20.19uM,44,SLALSLTADQMVSALLDAEPPILYSEYDPTRPFSEASMMGLLTNLADRELVHMINWAKRVPGFVDLTLHDQVHLLE,Oc1ccc(cc1)C(c1ccc(O)cc1)C(Cl)(Cl)Cl
2p15,1.94,2007,10.3,Kd=50pM,44,SLALSLTADQMVSALLDAEPPILYSEY,Oc1ccc2c(c1)CCC1C2CCC2(C)C(O)(C=Cc3ccccc3C(F)(F)F)CCC12
1uto,1.15,2004,2.27,Kd=5.32mM,47,IVGGYTCGANTVPYQVSLNSGYHFCGGSLINSQWVVSAAHCYKSGIQVRLGEDNINVVEGNEQFISASKSIVHPSYNSNTLNNDIMLIKLKSAASLNSRVASISLPTSCASAGTQCLISGWGNTKSSGTSYPDVLKCLKAPILSDSSCKSAYPGQITSNMFCAGYLEGGKDSCQGDSGGPVVCSGKLQGIVSWGSGCAQKNKPGVYTKVCNYVSWIKQTIASN,c1ccc(cc1)CC[N+]
2zcq,2.38,2008,8.82,Ki=1.5nM,33,MTMMDMNFKYCHKIMKKHSKSFSYAFDLLPEDQRKAVWAIYAVCRKIDDSIDVYGDIQFLNQIKEDIQSIEKYPYEYHHFQSDRRIMMALQHVAQHKNIAFQSFYNLIDTVYKDQHFTMFETDAELFGYCYGVAGTVGEVLTPILSDHETHQTYDVARRLGESLQLINILRDVGEDFENERIYFSKQRLKQYEVDIAEVYQNGVNNHYIDLWEYYAAIAEKDFRDVMDQIKVFSIEAQPIIELAARIYIEILDEVRQANYTLHERVFVEKRKKAKLFHEINSKY,c1ccc(Oc2cccc(c2)CCCC(P(=O)(=O)=O)S(=O)(=O)=O)cc1
5c2h,2.09,2015,11.09,Ki=8.2pM,1,HMSICTSEEWQGLMQFTLPVRLCKEIELFHFDIGPFENMWPGIFVYMVHRSCGTSCFELEKLCRFIMSVKKNYRRVPYHNWKHAVTVAHCMYAILQNNHTLFTDLERKGLLIACLCHDLDHRGFSNSYLQKFDHPLAALYSTSTMEQHHFSQTVSILQLEGHNIFSTLSSSEYEQVLEIIRKAIIATDLALYFGNRKQLEEMYQTGSLNLNNQSHRDRVIGLMMTACDLCSVTKLWPVTKLTANDIYAEFWAEGDEMKKLGIQPIPMMDRDKKDEVPQGQLGFYNAVAIPCYTTLTQILPPTEPLLKACRDNLSQWEKVIRG,c1ccc2ccc(nc2c1)CCCOc1nc(Cl)c(c(n1)NCC1SC(=NC=1C)C)C
4f09,2.4,2012,6.7,Ki=200nM,31,QFEERHLKFLQQLGKGNFGSVEMCRYDPLQDNTGEVVAVKKLQHSTEEHLRDFEREIEILKSLQHDNIVKYKGVCYSAGRRNLKLIMEYLPYGSLRDYLQKHKERIDHIKLLQYTSQICKGMEYLGTKRYIHRDLATRNILVENENRVKIGDFGLTKVLPQDKE,C1=CNc2ncc3N=C(N(c3c21)C1CC[N+]CC1)C
1qkt,2.2,2000,9.04,Kd=0.92nM,44,NSLALSLTADQMVSALLDAEPPILYSEYDPTRPFSEASMMGLLTNLADRELVHMINWAKRVPGFVDLTLHDQVHLLESAWLEILMIGLVWRSMEHPGKLLFAPNLLLDRNQGKSVEGMVEIFDMLLATSSRFRMMNLQGEEFVCLKSIILLNSGVYTFLSSTLKSLEEKDHIHRVLDKITDTLIHLMAKAGLTLQQQHQRLAQLLLILSHIRHMSNKGMEHLYSMKSKNVVPLYDLLLEMLDAHRLHA,Oc1ccc2c(c1)CCC1C2CCC2(C)C(O)CCC12
3zt2,1.7,2012,2.84,Kd=1435uM,52,SPGIWQLDCTHLEGKVILVAVHVASGYIEAEVIPAETGQETAYFLLKLAGRWPVKTVHTDNGSNFTSTTVKAACWWAGIKQEDGIPYNPQSQGVIESMNKELKKIIGQVRDQAEHLKTAVQMAVFIHNHKRK,C(=C1C(=O)Cc2ccccc21)c1ccc2OCOc2c1[C-](=O)=O
3up2,2.3,2012,7.4,Kd=40nM,36,KKRQWALEDFEIGRPLGKGKFGNVYLAREKQSKFILALKVLFKAQLEKAGVEHQLRREVEIQSHLRHPNILRLYGYFHDATRVYLILEYAPLGTVYRELQKLSKFDEQRTATYITELANALSYCHSKRVIHRDIKPENLLLGSAGELKIADFGWSVHAPSSRRDTLCGTLDYLPPEMIEGRMHDEKVDLWSLGVLCYEFLVGKPPFEANTYQETYKRISRVEFTFPDFVTEGARDLISRLLKHNPSQRPMLREVLEHPWITANSSK,c1nc(nc(c1)Nc1ccccc1OC(F)(F)F)Nc1ccc(cc1)[C-](=O)=O
3coy,2.03,2008,6.02,Kd=0.96uM,28,IPAFHPGELNVYSAPGDVADVSRALRLTGRRVMLVPTMGALHEGHLALVRAAKRVPGSVVVVSIFVNPMQFG,OC1C(OC(COS(=O)(=O)NC(=O)C(C(C)(C)C)[N+])C1O)N1C=Nc2c(ncnc21)N
3u9q,1.52,2011,4.38,Ki=41.7uM,35,SADLRALAKHLYDSYIKSFPLTKAKARAILTGKTTDKSPFVIYDMNSLMMGEDKI,CCCCCCCCC[C-](=O)=O
3b65,1.8,2008,9.27,Ki=0.54nM,40,PIFLNVLEAIEPGVVCAGHDNNQPDSFAALLSSLNELGERQLVHVVKWAKALPGFRNLHVDDQMAVIQYSWMGLMVFAMGWRSFTNVNSRMLYFAPDLVFNEYRMHKSRMYSQCVRMRHLSQEFGWLQITPQEFLCMKALLLFSIIPVDGLKNQKFFDELRMNYIKELDRIIACKRKNPTSCSRRFYQLTKLLDSVQPIARELHQFTFDLLIKSHMVSVDFPEMMAEIISVQVPKILSGKVKPIYFH,OC(C(=O)Nc1ccc(C#N)c(I)c1)(C)COc1ccc(C#N)cc1
2vvn,1.85,2008,7.3,Kd=50nM,13,SLQPPPQQLIVQNKTIDLPAVYQLNGGEEANPHAVKVLKELLSGKQSSKKGMLISIGEKGDKSVRKYSRQIPDHKEGYYLSVNEKEIVLAGNDERGTYYALQTFAQLLKDGKLPEVEIKDYPSVRYRGVVEGFYGTPWSHQARLSQLKFYGKNKMNTYIYGPKDDPYHSAPNWRLPYPDKEAAQLQELVAVANENEVDFVWAIHPGQDIKWNKEDRDLLLAKFEKMYQLGVRSFAVFFDDISGEGTNPQKQAELLNYIDEKFAQVKPDINQLVMCPTEYNKSWSNPNGNYLTTLGDKLNPSIQIMWTGDRVISDITRDGISWINERIKRPAYIWWNFPVSDYVRDHLLLGPVYGNDTTIAKEMSGFVTNPMEHAESSKIAIYSVASYAWNPAKYDTWQTWKDAIRTILPSAAEELECFAMHNSDLGPNGHGYRREESMDIQPAAERFLKAFKEGKNYDKADFETLQYTFERMKESADILLMNTENKPLIVEITPWVHQFKLTAEMGEEVLKMVEGRNESYFLRKYNHVKALQQQMFYIDQTSNQNPYQPGVKTATRVIKPLIDRTFATVVKFFNQKFNAHLDATTDYMPHKM,OCC1OC2SC(=NC2C(O)C1O)NCC
2fvd,1.85,2006,8.52,Ki=3nM,29,MENFQKVEKIGEGTYGVVYKARNKLTGEVVALKKIRL,c1nc(nc(c1C(=O)c1c(F)c(F)ccc1OC)N)NC1CCN(CC1)S(=O)(=O)C
1c5z,1.85,2000,4.01,Ki=97uM,37,IIGGEFTTIENQPWFAAIYRRHRGGSVTYVCGGSLMSPCWVISATHCFIDYPKKEDYIVYLGRSRLNSNTQGEMKFEVENLILHKDYSADTLAHHNDIALLKIRSKEGRCAQPSRTIQTICLPSMYNDPQFGTSCEITGFGKEASTDYLYPEQLKMTVVKLISHRECQQPHYYGSEVTTKMLCAADPQWKTDSCQGDSGGPLVCSLQGRMTLTGIVSWGRGCALKDKPGVYTRVSHFLPWIRSHT,c1ccc(cc1)[C+](=N)=N
3n7a,2.0,2011,3.7,Ki=200uM,53,LIVNVINGPNLGRLGRREPAVYGGTTHDELVALIEREAAELGLKAVVRQSDSEAQLLDWIHQAADAAEPVILNAGGLTHTSVALRDACAELSAPLIEVHISNVHAREEFRRHSYLSPIATGVIVGLGIQGYLLALRYLAEH,OC1C=CC(O)([C-](=O)=O)CC1O
4j21,1.93,2013,7.41,Kd=39nM,49,GTILIDLSPDDKEFQSVEEEMQSTVREHRDGGHAGGIFNRYNILKIQKVCNKKLWERYTHRRKEVSEENHNHANERMLFHGSPFVNAIIHKGFDERHAYIGGMFGAGIYFAENSSKSNQYVYGIGGGTGCPVHKDRSCYICHRQLLFCRVTLGKSFLQFSAM,C1C(=O)Nc2cc(ccc2C=1C)-c1ccc(cc1Cl)N
3twp,1.83,2012,3.92,Ki=119uM,23,PSWPQILGRLTDNRDLARGQAAWAMDQIMTGNARPAQIAAFAVAMTMKAPTADEVGELAGVMLSHAHPLPADTVPDDAVDVVGTGGDGVNTVNLSTMAAIVVAAAGVPVVKHGNRAASSLSGGADTLEALGVRIDLGPDLVARSLAEVGIGFCFAPRFHPSYRHAAAVRREIGVPTVFNLLGPLTNPARPRAGLIGCAFADLAEVMAGVFAARRSSVLVVHGDDGLDELTTTTTSTIWRVAAGSVDKLTFDPAGFGFARAQLDQLAGGDAQANAAAVRAVLGGARGPVRDAVVLNAAGAIVAHAGLSSRAEWLPAWEEGLRRASAAIDTGAAEQLLARWVRFGRQI,Oc1ccccc1[C-](=O)=O
2iwx,1.5,2006,6.68,Kd=0.21uM,48,MASETFEFQAEITQLMSLIINTVYSNKEIFLRELISNASDALDKIRYKSLSDPKQLETEPDLFIRITPKPEQKVLEIRDSGIGMTKAELINNLGTIAKSGTKAFMEALSAGADVSMIGQFGVGFYSLFLVADRVQVISKSNDDEQYIWESNAGGSFTVTLDEVNERIGRGTILRLFLKDDQLEYLEEKRIKEVIKRHSEFVAYPIQLVVTKEVE,Oc1cc(O)c2C(=O)OCCC=CCCCCCC(=O)Cc2c1Cl
2wnc,2.2,2009,6.32,Kd=479nM,50,DDDKLHSQANLMRLKSDLFNRSPMYPGPTKDDPLTVTLGFTLQDIVKADSSTNEVDLVYYEQQRWKLNSLMWDPNEYGNITDFRTSAADIWTPDITAYSSTRPVQVLSPQIAVVTHDGSVMFIPAQRLSFMCDPTGVDSEEGATCAVKFGSWVYSGFEIDLKTDTDQVDLSSYYASSKYEILSATQTRQVQHYSCCPEPYIDVNLVVKFRERRAG,C1=C(C(=O)OC2CC3CCC(C2)[N+]3C)c2ccccc2N1
4rfm,2.1,2015,10.05,Ki=90pM,3,SVIDPSELTFVQEIGSGQFGLVHLGYWLNKDKVAIKTIREGAMSEEDFIEEAEVMMKLSHPKLVQLYGVCLEQAPICLVFEFMEHGCLSDYLRTQRGLFAAETLLGMCLDVCEGMAYLEEASVIHRDLAARNCLVGENQVIKVSDFGMTR,C1=NN(C=C1NC(=O)C1=C2C(=NN1)CC1(C)C(F)(F)C1C2)C(c1ccccc1)C1CCCCS1(=O)=O
2qbq,2.1,2008,7.44,Ki=0.036uM,25,EMEKEFEQIDKSGSWAAIYQDIRHEASDFPCRVAKLPKNKNRNRYRDVSPFDHSRIKLHQEDNDYINASLIKMEEAQRSYILTQGPLPNTCGHFWEMVWEQKSRGVVMLNRVMEKGSLKCAQYWPQKEEKEMIFEDTNLKLTLISEDIKSYYTVRQLELENLTTQETREILHFHYTTWPDFGVPESPASFLNFLFKVRESGSLSPEHGPVVVHCSAGIGRSGTFCLADTCLLLMDKRKDPSSVDIKKVLLEMRKFRMGLIQTADQLRFSYLAVIEGAKFIMGDSSVQDQWKELSHED,c1cc(C2SC(=C(OC[C-](=O)=O)C=2Br)[C-](=O)=O)cc(c1)NC1CC(C)(C)CC(C)(C)C1
4f3c,1.93,2013,11.82,Ki=1.5pM,46,MKIGIIGAMEEEVTLLRDKIDNRQTITLGGCEIYTGQLNGTEVALLKSGIGKVAAALGATLLLEHCKPDVIINTGSAGGLASTLKVGDIVVSDETRYHDADVTAFGYEYGQLPGCPAGFKADDKLIAAAESCIRELNLNAVRGLIVSGDAFINGSVGLAKIRHNFPDAVAVEMEATAIAHVCHNFNVPFVVVRAISDVADQQSHLSFDEFLAVAAKQSTLMVETLVQKLA,OC1C(CSCCCC)C[N+](CC2=CNc3c2ncnc3N)C1
3e5a,2.3,2008,8.23,Ki=5.9nM,36,KRQWALEDFEIGRPLGKGKFGNVYLAREKQSKFILALKVLFKAQLEKAGVEHQLRREVEIQSHLRHPNILRLYGYFHDATRVYLILEYAPLGTVYRELQKLSKFDEQRTATYITELANALSYCHSKRVIHRDIKPENLLLGSAGELKIADFGWSVHAPSSRRT,C1C(=NNC=1Nc1nc(nc(c1)N1CC[N+](C)CC1)Sc1ccc(cc1)NC(=O)C1CC1)C
3nq9,1.9,2010,4.03,Kd=92.6uM,55,LIVTQTMKGLDIQKVAGTWYSLAMAASDISLLDAQSAPLRVYVEELKPTPEGDLEILLQKWENGECAQKKIIAEKTKIPAVFKIDALNENKVLVLDTDYKKYLLFCMENSAEPEQSLACQCLVRTPEVDDEALEKFDKALKALPMHIRLSFNPTQLEEQCHI,CCCCCCC[C-](=O)=O
4lzs,2.2,2014,4.8,Kd=16uM,10,SMNPPPPETSNPNKPKRQTNQLQYLLRVVLKTLWKHQFAWPFQQPVDAVKLNLPDYYKIIKTPMDMGTIKKRLENNYYWNAQECIQDFNTMFTNCYIYNKPGDDIVLMAEALEKLFLQKINELPTEE,N1C(C(=O)NC)=C(C(C(=O)C)=C1C)CC
3u8n,2.35,2011,10.17,Ki=0.067nM,8,LDRADILYNIRQTSRPDVIPTQRDRPVAVSVSLKFINILEVNEITNEVDVVFWQQTTWSDRTLAWNSSHSPDQVSVPISSLWVPDLAAYNAISKPEVLTPQLARVVSDGEVLYMPSIRQRFSCDVSGVDTESGATCRIKIGSWTHHSREISVDPTT,c1nc(Br)c(OCC)cc1N1CCC[N+]CC1
3b5r,1.8,2008,8.77,Ki=1.7nM,40,PIFLNVLEAIEPGVVCAGHDNNQPDSFAALLSSLNELGERQLVHVVKWAKALPGFRNLHVDDQMAVIQYSWMGLMVFAMGWRSFTNVNSRMLYFAPDLVFNEYRMHKSRMYSQCVRMRHLSQEFGWLQITPQEFLCMKALLLFSIIPVDGLKNQKFFDELRMNYIKELDRIIACKRKNPTSCSRRFYQLTKLLDSVQPIARELHQFTFDLLIKSHMVSVDFPEMMAEIISVQVPKILSGKVKPIYFH,OC(C(=O)Nc1ccc(C#N)c(c1)C(F)(F)F)(C)COc1ccc(Cl)c(F)c1
4agq,1.42,2012,5.01,Kd=9.7uM,5,SVPSQKTYQGSYGFRLGFLHSGTAKSVTCTYSPALNKLFCQLAKTCPVQLWVDSTPPPGTRVRAMAIYKQSQHMTEVVRRCPHHERCSDSDGLAPPQHLIRVEGNLRAEYLDDRNTFRHSVVVPCEPPEVGSDCTTIHYNYMCYSSCMGGMNRRPILTIITLEDSSGNLLGRDSFEVRVCACPGRDRRTEEENLR,Oc1c(I)cc(C#CCNc2ccccc2)cc1C[N+]1CCC(CC1)[N+](CC)CC
2j7h,1.95,2006,7.19,Kd=65nM,18,VKKFPEGFLWGVATASYQIEGSPLADGAGMSIWHTFSHTPGNVKNGDTGDVACDHYNRWKEDIEIIEKLGVKAYRFSISWPRILPEGTGRVNQKGLDFYNRIIDTLLEKGITPFVTIYHWDLPFALQLKGGWANREIADWFAEYSRVLFENFGDRVKNWITLNEPWVVAIVGHLYGVHAPGMRDIYVAFRAVHNLLRAHARAVKVFRETVKDGKIGIVFNNGYFEPASE,OCC1C(O)C(O)C[N+][N+]1
3gv9,1.8,2009,2.12,Ki=7.5mM,24,APQQINDIVHRTITPLIEQQKIPGMAVAVIYQGKPYYFTWGYADIAKKQPVTQQTLFELGSVSKTFTGVLGGDAIARGEIKLSDPTTKYWPELTAKQWNGITLLHLATYTAGGLPLQVPDEVKSSSDLLRFYQNWQPAWAPGTQRLYANSSIGLFGALAVKPSGLSFEQAMQTRVFQPLKLNHTWINVPPAEEKNYAWGYREGKAVHVSPGALDAEAYGVKSTIEDMARWVQSNLKPLDINEKTLQQGIQLAQSRYWQTGDMYQGLGWEMLDWPVNPDSIINGSDNKIALAARPVKAITPPTPAVRASWVHKTGATGGFGSYVAFIPEKELGIVMLANKNYPNPARVDAAWQILNALQ,C1SC(=C(C=1)NC(=O)C)[C-](=O)=O
4agp,1.5,2012,4.69,Kd=20.6uM,5,SVPSQKTYQGSYGFRLGFLHSGTAKSVTCTYSPALNKLFCQLAKTCPVQLWVDSTPPPGTRVRAMAIYKQSQHMTEVVRRCPHHERCSDSDGLAPPQHLIRVEGNLRAEYLDDRNTFRHSVVVPCEPPEVGSDCTTIHYNYMCYSSCMGGMNRRPILTIITLEDSSGNLLGRDSFEVRVCACPGRDRRTEEENLRK,Oc1c(I)cc(C#CCOc2ccccc2)cc1C[N+]1CCC(CC1)[N+](CC)CC
3wtj,2.24,2015,6.53,Kd=0.297uM,8,AADRADILYNIRQTSRPDVIPTQRDRPVAVSVSLKFINILEVNEITNEVDVVFWQQTTWSDRTLAWDSSHSPDQVSVPISSLWVPDLAAYNAISKPEVLTPQLARVVSDGEVLYMPSIRQRFSCDVSGVDTESGATCRIKIGSWTHHSREISVDPTTENSDDSEYFSQYSRFEILDVTQKKNSVTYSCCPEAYEDVEVSLNFRKKGRS,C1SC(NC#N)=N(C=1)Cc1cnc(Cl)cc1
4qac,2.1,2014,9.4,Kd=0.4nM,8,DYKDDDDKLDRADILYNIRQTSRPDVIPTQRDRPVAVSVSLKFINILEVNEITNEVDVVFWQQTTWSDRTLAWNSSHSPDQVSVPISSLWVPDLAAYNAISKPEVLTPQLARVVSDGEVLYMPSIRQRFSCDVSGVDTESGATCRIKIGSWTHHSREISVDPT,c1c(nc(nc1N1CCC(C)CC1)N)-c1ccc(cc1)C(F)(F)F
4hge,2.3,2012,7.92,Ki=11.9nM,31,QFEERHLKFLQQLGKGNFGSVEMCRYDPLQDNTGEVVAVKKLQHSTEEHLRDFEREIEILKSLQHDNIVKYKGVCYS,C1C(=NN(C=1NC(=O)C1=CNn2c1nccc2)c1cccc(Cl)c1)C
1ps3,1.8,2003,2.28,Ki=5.2mM,11,CQDVVQDVPNVDVQMLELYDRMSFKDIDGGVWKQGWNIKYDPLKYNAHHKLKVFVVPHSHNDPGWIQTFEEYYQHDTKHILSNALRHLHDNPEMKFIWAEISYFARFYHDLGENKKLQMKSIVKNGQLEFVTGGWVMPDEANSHWRNVLLQLTEGQTWLKQFMNVTPTASWAIDPFGHSPTMPYILQKSGFKNMLIQRTHYSVKKELAQQRQLEFLWRQIWDNKGDTALFTHMMPFYSYDIPHTCGPDPKVCCQFDFKRMGSFGLSCPWKVPPRTISDQNVAARSDLLVDQWKKKAELYRTNVLLIPLGDDFRFKQNTEWDVQRVNYERLFEHINSQAHFNVQAQFGTLQEYFDAVHQAERAGQAEFPTLSGDFFTYADRSDNYWSGYYTSRPYHKRMDRVLMHYVRAAEMLSAWHSWDGMARIEERLEQARRELSLFQHHDGITGTAKTHVVVDYEQRMQEALKACQMVMQQSVYRLLTKPSIYSPDFSFSYFTLDDSRWPGSGVEDSRTTIILGEDILPSKHVVMHNTLPHWREQLVDFYVSSPFVSVTDLANNPVEAQVSPVWSWHHDTLTKTIHPQGSTTKYRIIFKARVPPMGLATYVLTISDSKPEHTSYASNLLLRKNPTSLPLGQYPEDVKFGDPREISLRVGNGPTLAFSEQGLLKSIQLTQDSPHVPVHFKFLKYGVRSHGDRSGAYLFLPNGPASPVELGQPVVLVTKGKLESSVSVGLPSVVHQTIMRGGAPEIRNLVDIGSLDNTEIVMRLETHIDSGDIFYTDLNGLQFIKRRRLDKLPLQANYYPIPSGMFIEDANTRLTLLTGQPLGGSSLASGELEIMQDRRLASDDERGLGQGVLDNKPVLHIYRLVLEKVNNCVRPSKLHPAGYLTSAAHKASQSLLDPLDKFIFAENEWIGAQGQFGGDHPSAREDLDVSVMRRLTKSSAKTQRVGYVLHRTNLMQCGTPEEHTQKLDVCHLLPNVARCERTTLTFLQNLEHLDGMVAPEVCPMETAAYVSSHS,OCC1N2C(=O)C(=O)NC2C(O)C(O)C1O
3aru,1.9,2011,3.22,Kd=600uM,14,APTAPSIDMYGSNNLQFSKIELAMETTSGYNDMVKYHELAKIKVKFNQWSGTSGDTYNVYFDGVKVATGAITGSQTTASFEYGQGGLYQMEIEACDATGCSKSAPVEITIADTDGSHLKPLTMNVDPNNKSYNTDPSIVMGTYFVEWGIYGRDYTVDNMPVDNLTHILYGFIPICGPNESVKSVGGNSFNALQTACRGVNDYEVVIHDPWAAYQKSFPQAGHEYSTPIKGNYAMLMALKQRNPDLKIIPSIGGGTLSDPFYDFVDKKNRDTFVASVKKFLKTWKFYDGVDIDWEFPGGGGAAADKGDPVNDGPAYIALMRELRVMLDELEAETGRTYELTSAIGVGYDKIEDVDYADAVQYMDYIFAMTYDFYGGWNNVPGHQTALYCGSFMRPGQCDGGGVDENGEPYKGPAYTADNGIQLLLAQGVPANKLVLGTAMYGRGWEGVTPDTLTDPNDPMTGTATGKLKGSTAQGVWEDGVIDYKGIKSFMLGANNTGINGFEYGYDAQAEAPWVWNRSTGELITFDDHRSVLAKGNYAKSLGLAGLFSWEIDADNGDILNAMHEGMAGGV,C1=NC2=C(C(=O)N(C(=O)N2C)CCCCC(=O)C)N1C
4eor,2.2,2013,6.3,Ki=500nM,29,SMENFQKVEKIGEGTYGVVYKARNKLTGEVVALKKIRL,C1=Nc2c(nc(nc2N1)Nc1ccc(cc1)S(=O)(=O)N)OCC1CCCCC1
4agn,1.6,2012,3.97,Kd=107uM,5,SVPSQKTYQGSYGFRLGFLHSGTAKSVTCTYSPALNKLFCQLAKTCPVQLWVDSTPPPGTRVRAMAIYKQSQHMTEVVRRCPHHERCSDSDGLAPPQHLIRVEGNLRAEYLDDRNTFRHSVVVPCEPPEVGSDCTTIHYNYMCYSSCMGGMNRRPILTIITLEDSSGNLLGRDSFEVRVCACPGRDRRTEEENLRKK,Oc1c(I)cc(C#CCO)cc1C[N+]1CCC(CC1)[N+](CC)CC
1o0h,1.2,2003,5.92,Ki=1.2uM,57,KETAAAKFERQHMDSSTSAASSSNYCNQMMKSRNLTKDRCKPVNTFVHESLADVQAVCSQKNVACKNGQTNCYQSYSTMSITDCRETGSSKYPNCAYKTTQANKHIIVACEGNPYVPVHFDASV,OC1C(OC(COP(=O)(=O)OP(=O)(=O)=O)C1O)N1C=Nc2c(ncnc21)N
3kwa,2.0,2010,4.08,Ki=84uM,38,HWGYGKHNGPEHWHKDFPIAKGERQSPVDIDTHTAKYDPSLKPLSVSYDQATSLRILNNGHAFNVEFDDSQDKAVLKGGPLDGTYRLIQFHFHWGSLDGQGSEHTVDKKKYAAELHLVHWNTKYGDFGKAVQQPDGLAVLGIFLKVGSAKPGLQKVVDVLDSIKTKGKSADFTNFDPRGLLPESLDYWTYPGSLTTPPLLECVTWIVLKEPISVSSEQVLKFRKLNFNGEGEPEELMVDNWRPAQPLKNRQIKASF,C(CC[N+]CCC[N+])C[N+]CCC[N+]
2xj7,2.0,2010,6.66,Ki=220nM,13,SLQPPPQQLIVQNKTIDLPAVYQLNGGEEANPHAVKVLKELLSGKQSSKKGMLISIGEKGDKSVRKYSRQIPDHKEGYYLSVNEKEIVLAGNDERGTYYALQTFAQLLKDGKLPEVEIKDYPSVRYRGVVEGFYGTPWSHQARLSQLKFYGKNKMNTYIYGPKDDPYHSAPNWRLPYPDKEAAQLQELVAVANENEVDFVWAIHPGQDIKWNKEDRDLLLAKFEKMYQLGVRSFAVFFDDISGEGTNPQKQAELLNYIDEKFAQVKPDINQLVMCPTEYNKSWSNPNGNYLTTLGDKLNPSIQIMWTGDRVISDITRDGISWINERIKRPAYIWWNFPVSDYVRDHLLLGPVYGNDTTIAKEMSGFVTNPMEHAESSKIAIYSVASYAWNPAKYDTWQTWKDAIRTILPSAAEELECFAMHNSDLGPNGHGYRREESMDIQPAAERFLKAFKEG,OC1C(O)C2C(O)CC[N+]2CC1NC(=O)C
3fcq,1.75,2009,2.77,Ki=1.7mM,27,ITGTSTVGVGRGVLGDQKNINTTYSTYYYLQDNTRGDGIFTYDAKYRTTLPGSLWADADNQFFASYDAPAVDAHYYAGVTYDYYKNVHNRLSYDGNNAAIRSSVHYSQGYNNAFWNGSEMVYGDGDGQTFIPLSGGIDVVAHELTHAVTDYTAGLIYQNESGAINEAISDIFGTLVEFYANKNPDWEIGEDVYTPGISGDSLRSMSDPAKYGDPDHYSKRYTGTQDNGGVHINSGIINKAAYLISQGGTHYGVSVVGIGRDKLGKIFYRALTQYLTPTSNFSQLRAAAVQSATDLYGSTSQEVASVKQAFDAVGVK,c1cc(c(OC(=O)C)c(c1)C)[C-](=O)=O
4gid,2.0,2012,10.77,Ki=0.017nM,19,FVEMVDNLRGKSGQGYYVEMTVGSPPQTLNILVDTGSSNFAVGAAPHPFLHRYYQRQLSSTYRDLRKGVYVPYTQGKWEGELGTDLVSIPHGPNVTVRANIAAITESDKFFINGSNWEGILGLAYAEIARPDDSLEPFFDSLVKQTHVPNLFSLQLCGAGFPLNQSEVLASVGGSMIIGGIDHSLYTGSLWYTPIRREWYYEVIIVRVEINGQDLKMDCKEYNYDKSIVDSGTTNLRLPKKVFEAAVKSIKAASSTEKFPDGFWLGEQLVCWQAGTTPWNIFPVISLYLMGEVTNQSFRITILPQQYLRPVEDVATSQDDCYKFAISQSSTGTVMGAVIMEGFYVVFDRARKRIGFAVSACHVHDEFRTAAVEGPFVTLDMEDCGYN,OC(C)C(C(=O)NCC(C)C)[N+]CC(NC(=O)c1cc(C(=O)NC(c2ccccc2)C)cc(c1)N(C)S(=O)(=O)C)Cc1ccccc1
1bzc,2.35,1999,4.92,Ki=12uM,25,EMEKEFEQIDKSGSWAAIYQDIRHEASDFPCRVAKLPKNKNRNRYRDVSPFDHSRIKLHQEDNDYINASLIKMEEAQRSYILTQGPLPNTCGHFWEMVWEQKSRGVVMLNRVMEKGSLKCAQYWPQKEEKEMIFEDTNLKLTLISEDIKSYYTVRQLELENLTTQETREILHFHYTTWPDFGVPESPASFLNFLFKVRESGSLSPEHGPVVVHCSAGIGRSGTFCLADTCLLLMDKRKDPSSVDIKKVLLDMRKFRMGLIQTAEQLRFSYLAVIEGAKFIMGDSSVQDQWKELSHED,c1c(cc2ccc(C(=O)NC(C(=O)N)CC[C-](=O)=O)cc2c1)C(F)(F)P(=O)(=O)=O
3dxg,1.39,2009,2.4,Ki=4.0mM,57,KETAAAKFERQHMDSSTSAASSSNYCNQMMKSRNLTKDRCKPVNTFVHESLADVQAVCSQKNVACKNGQTNCYQSYSTMSITDCRETGSSKYPNCAYKTTQANKHIIVACEGNPYVPVHFDAS,OC1C(OC(COP(=O)(=O)=O)C1O)N1C(=O)NC(=O)C=C1
